comment,polarity
Pori Moni is still unmarried,1
Where is ADC Saklainsdeep love to the actress ,1
When we celebrate marriage ceremony  of  Pori Moni and ADC Saklain,1
ржкрж░рж┐ржоржирж┐рж░ ржЬрж╛ржорж┐ржи ржирж┐ржпрж╝рзЗ ржкрзНрж░ржержо ржЖрж▓рзЛ ржпрзЗржи ржПржХржЯрзБ ржмрзЗрж╢рж┐ржЗ ржЙржжрзНржмрж┐ржЧрзНржи ржХрж┐рж╕рзЗрж░ ржнрж┐рждрзНрждрж┐рждрзЗ ржЬрж╛ржорж┐ржи ржжрзЗржпрж╝рж╛ рж╣рж▓рзЛ рждрж╛ ржпржжрж┐ ржмрж┐рж╕рзНрждрж╛рж░рж┐ржд рж▓рж┐ржЦрждрзЗржи,1
I feel shy to coment anything about this hated issue,1
ржкрж░ржоржгрзАрж░ ржЗрж╕рзНржпрзБрждрзЗ┬аржпржЦржи ржЕрж╕ржирзНрждрзЛрж╖┬аржж:рж╛ржирж╛ ржмрж╛ржзржЫрзЗ рж╣рж╛ржЗржХрзЛрж░рзНржЯрзЗрж░ рждржЦржиржЗ рж╣рзБрж╢ рж╣рж▓┬а ржП рж░ ржЖржЧрзЗ ржкрж░рж┐ржоржгрзА┬аржЧрзНрж░рзЗржкрзНрждрж╛рж░ ржмрж╛рж░ ржмрж╛рж░ рж░рж┐ ржорж╛ржирзНржб  ржПржХ┬аржмрзНржпржЯрзЗрж▓рж┐ржпрж╝рж╛ржи рж╕рзИржирзНржп ржирж┐ржпрж╝рзЗ ржкрж░рж┐ржоржгрзАрж░ ржЙржкрж░ ржЭрж╛ржкрж┐ржпрж╝рзЗ ржкржбрж╝рж╛  ржЖрж╕рж╛ржорзА ржЧрзНрж░рзЗржкрзНрждрж╛рж░рзЗ рж╣рж╛ржЗржХрзЛрж░рзНржЯрзЗрж░ ржирж┐рж░рзНржжрзЗрж╢ржирж╛ ржнржВржЧ┬аржП рж╕ржм ржХрж╛рж░ржирзЗ┬арж╣рж╛ржЗ ржХрзЛрж░рзНржЯ ржЖржЧрзЗржЗ рж╕рзНржпрзБржпрж╝рзЛржоржЯрзЛ ржжрж┐рждрзЗ ржкрж╛рж░ржд  рж╕ржорж╕рзНржпрж╛ ржЯрж┐ рж╣ржпрж╝рзЗржЫрзЗ ржПржХржЯрж╛ ржжрзЗрж╢рзЗрж░ рж╕рж░рзНржмржмрзЛржЪрзНржЪ ржЖржж:рж╛рж▓рждржХрзЗ ржЪрж▓рждрзЗ рж╣ржпрж╝┬а┬аржмрж╛ржЗрж░рзЗрж░ ржЪрж╛ржкрзЗ,1
рждрзЛржорж╛рж░ ржпрзЗ ржХрж┐ржЫржЫрзБ рж╣ржмрзЗ рждрж╛ ржмрж┐ржЪржХрзНрж╖ржг ржжрзЗрж╢ржмрж╛рж╕рзА рж╕ржмрж╛ржЗ ржЬрж╛ржирзЗржЖрж░ ржПржХржЗ ржирж╛ржЯржХ ржХржд ржмрж╛рж░ ржжрзЗржЦржмрзЛржпрзЗ ржХрзЛржи ржирж╛ржЯржХрзЗрж░ рж╢рзБрж░рзБ рж╢рзЗрж╖рзЗрж░ ржХрж╛рж╣рж┐ржирзА ржПржХржЗ   рждрзЛржорж╛рж░ ржЬрж╛ржпрж╝ржЧрж╛ржпрж╝ ржпржжрж┐ ржХрзЛржи ржирж┐рж░рзАрж╣ ржорж╛ржирзБрж╖ ржерж╛ржХрждрзЛржХржмрзЗржЗ рждрж╛рж░ рж▓рзАрж▓рж╛ржЦрзЗрж▓рж╛ рж╢рзЗрж╖ рж╣ржпрж╝рзЗ ржпрзЗржд,0
Actor siam and director choyonika chowdhury are dancing nowЁЯдгЁЯдгЁЯдг,0
What now Call mother and  maybe get a license to sell drugs withoutbthese hassles,0
ржжрзЗржЦрзЗржи рж░рж╛рждрзЗрж░ ржоржзрзНржпрзЗ ржЖрж░ржПржХржЯрж┐ ржХрзЗрж╕ ржжрж┐ржпрж╝рзЗ ржЖржЯржХрзЗ рж░рж╛ржЦрж╛ рж╣ржмрзЗ рж╣ржпрж╝ржд,1
ржкрж░рж┐ржоржирж┐рж░ ржШржЯржирж╛ ржкрзНрж░ржорж╛ржг ржХрж░рзЗ рж╕рзЗржХрзБрж▓рж╛рж░ржжрзЗрж░ рж╣рж╛рждрзЗ ржирж╛рж░рзАрж░ рж╕ржорзНржорж╛ржи ржУ ржЕржзрж┐ржХрж╛рж░ рж╕рзБрж░ржХрзНрж╖рж┐ржд ржиржпрж╝,1
Where is ADC Saklain,1
рж╢рзБржнржХрж╛ржоржирж╛ рж░ржЗрж▓,1
ржнрж╛рж░рж╕рж╛ржорзНржп ржЬрзАржмржирзЗ ржЕржирзЗржХ ржЧрзБрж░рзБрждрзНржмржкрзВрж░рзНржг ржПрж░ ржЕржнрж╛ржмрзЗржЗ ржкрзНрж░рж╛ржпрж╝ рж╕ржмрж╛ржЗ рждрж╛рж░ ржнрзБрж▓рзЗрж░ рж╕рзБржпрзЛржЧ ржирж┐ржпрж╝рзЗржЫрзЗ ржмрж┐рждрзНржд ржЖрж░ ржЦрзНржпрж╛рждрж┐ ржмрж┐ржкржж ржерзЗржХрзЗ рж░ржХрзНрж╖рж╛ ржХрж░рждрзЗ ржкрж╛рж░рзЗ ржирж╛ - ржЕржнрж┐ржЬрзНржЮрждрж╛ ржЖрж░ ржмрзБржжрзНржзрж┐ржорждрзНрждрж╛рж░ ржорзВрж▓рзНржп ржЕржкрж░рж┐рж╕рзАржо ржПржЗ ржШржЯржирж╛ ржерзЗржХрзЗ рж╢рж┐ржХрзНрж╖рж╛ ржирж┐рж▓рзЗ рж╣ржпрж╝рждрзЛ ржПржХржжрж┐ржи ржкрж░рзАржоржирж┐ рж╣ржпрж╝рзЗ ржЙржарждрзЗ ржкрж╛рж░рзЗ ржЕржирзЗржХ ржЧрзБржирзА ржорж╛ржирзА,1
ржжрзБржзрзЗрж░ ржорж╛ржЫрж┐,0
ржкрж░рзАржоржирж┐ ржЖржЬ ржЬрж╛ржорж┐ржи ржкрзЗржпрж╝рзЗржЫрзЗржи ржПржЦржи ржХржд ржорж┐рж╖рзНржЯрж┐ ржорж┐рж╖рзНржЯрж┐ ржмрж╛ржирзА ржЭрж╛рж░ржмрзЗржи ржмрзЗржЪрж╛рж░рж┐ рж░ рж╕рж╛ржерзЗ ржХрж╛рж╢рж┐ржоржкрзБрж░ ржХрж╛рж░рж╛ржЧрж╛рж░рзЗ ржжрзЗржЦрж╛ ржХрж░рждрзЗ ржЧрж┐ржпрж╝рзЗржЫрж┐рж▓рзЗржи ржпрждрзНрждрж╕ржм ржлрж╛рж▓рждрзБ talk ЁЯШбЁЯШб,0
ржкрж░рж┐рж░ ржмрж╛рж╕рж╛ржпрж╝ ржЕржнрж┐ржпрж╛ржи ржкрж░рж┐ржЪрж╛рж▓ржирж╛ржХрж╛рж░рзА ржмрж╛ржЗржирж╢рзГржВржЦрж▓рж╛ ржмрж╛рж╣рж┐ржирзАрж░ ржЕржлрж┐рж╕рж╛рж░ржжрзЗрж░ рж░рж┐ржорж╛ржирзНржбрзЗ ржпржжрж┐ ржирзЗржУржпрж╝рж╛ ржпрзЗрждрзЛ рждрж╛рж╣рж▓рзЗ ржЙржжрзНржзрж╛рж░ржХрзГржд ржПрж▓ржПрж╕ржбрж┐рж░ ржорзВрж▓ ржЙрзОрж╕ рж╕ржорзНржмржирзНржзрзЗ ржкрзНрж░ржХрзГржд рждржерзНржп ржкрж╛ржУржпрж╝рж╛ ржпрзЗрждрзЛ ржЖрж░ рж╕ржмржХрж┐ржЫрзБрж░ ржкрж┐ржЫржирзЗ ржирж╛рж╕рж┐рж░ рж╕рж╛рж╣рзЗржмрзЗрж░ ржХржд  рж▓рзЗржиржжрзЗржи рж╣ржпрж╝рзЗржЫрзЗ рж╕рзЗржЯрж╛ржУ ржЬрж╛ржирж╛ ржпрзЗрждрзЛ,1
Jonab/Jonaba apni ki giyesilen,0
рж╕ржЪрзЗрждржи ржирж╛ржЧрж░рж┐ржХ kokhono judgemental hoye montobbo korena asha kori ingit ta bujhtey parsen Na parley iodine jukto lobon khan ,1
ржмрж┐ржкрзБрж▓ ржоржжрзЗрж░ ржмрзЛрждрж▓рж╕рж╣ ржЧрзНрж░рзЗржлрждрж╛рж░ рж╣ржУржпрж╝рж╛ ржПржмржВ ржЬрж╛ржорж┐ржи ржирж┐ржпрж╝рзЗ ржорж┐ржбрж┐ржпрж╝рж╛ ржпрж╛ ржХрж░рж▓ ржПрждрзЗ ржкрж░рж┐ржоржирж┐рж░ ржЖржЧрж╛ржорзАрждрзЗ ржЖрж░рзЛ рж╣рж┐ржЯ рж╣ржмрзЗ рждрж╛рждрзЗ ржХрзЛржи рж╕ржирзНржжрзЗрж╣ ржирзЗржЗ ржЖржЧрж╛ржорзАрждрзЗ ржкрж░рж┐ ржорж┐ржбрж┐ржпрж╝рж╛ ржХрж░рзНржорж┐ржжрзЗрж░ ржзржирзНржпржмрж╛ржж ржжрж┐ржмрзЗржи ржХрж╛рж░ржг  рждрж╛рж░рж╛ржЗ ржкрж░рж┐рж░ ржХрзНржпрж╛рж░рж┐ржпрж╝рж╛рж░ ржПржЧрж┐ржпрж╝рзЗ ржжрж┐рж▓рзЛ ржПржмржВ  ржжрзЗрж╢ ржмрж┐ржжрзЗрж╢рзЗ ржкрж░рж┐ржЪрж┐рждрж┐ ржмрж╣рзБржЧрзБржи ржмрж╛ржбрж╝рж┐ржпрж╝рзЗ ржжрж┐рж▓рзЛ,0
ржЖржЪрж░ржи ржмрзЗржпрж╝рж╛ржжржм рж╣рж▓рзЗ рж╕ржорж╛ржЬрзЗрж░ ржорж╛ржирзБрж╖рзЗрж░ ржЙржкрж░ ржкрзНрж░ржнрж╛ржм ржкржбрж╝рзЗ ржлрж▓рзЗ ржпрзЗ ржХрзЛржи рж╕ржоржпрж╝ ржмрж┐ржкржж ржЖрж╕рзЗ ржпрзЗржоржи- ржкрж░рж┐ржоржирж┐,0
ржирж╛ ржкрж╛ржУржпрж╝рж╛рж░ ржХрзЛржирзЛ ржХрж╛рж░ржг ржжрзЗржЦрж┐ржирж╛ рждрж╛ржХрзЗ ржирж┐ржпрж╝рзЗ ржпржерзЗрж╖рзНржЯ ржЯрж╛ржирж╛ржЯрж╛ржирж┐ рж╣ржпрж╝рзЗржЫрзЗ ржПржмрж╛рж░ ржХрзНрж╖рж╛ржирзНржд ржжрзЗржпрж╝рж╛ ржЙржЪрж┐ржд рж░рж╛рждрзЗрж░ рж░рж╛ржЬрж╛рж░рж╛ рж╕ржм ржирж┐рж░рж╛ржкржжрзЗ ржУржХрзЗ ржирж┐ржпрж╝рзЗ ржЯрж╛ржирж╛ рж╣рзЗржБржЪржбрж╝рж╛,1
ржЕржирзЗржХ ржирж┐рж░рзНржжрзЛрж╖ ржЖрж╕рж╛ржорзАрж░ ржХрзНрж╖рзЗрждрзНрж░рзЗ ржЖржЗржиржЬрзАржмрзАржжрзЗрж░ ржПржд рждрзОржкрж░рждрж╛ ржжрзЗржЦрж╛ ржпрж╛ржпрж╝ ржирж╛ ржкрж░рж┐ржоржирж┐ ржпрзЗржоржи ржнрж╛ржЗрж░рж╛рж▓ рж╣рждрзЗ ржЪрж╛ржпрж╝ рждрж╛рж░ ржЖржЗржиржЬрзАржмрзАрж░рж╛ржУ рж╕ржм ржнрж╛ржЗрж░рж╛рж▓ рж╣рждрзЗ ржЪрж╛ржпрж╝,1
ржШржЯржирж╛рж░ ржкрж░ржжрж┐ржи ржкрж░рзАржЗ рж▓рж╛ржЗржнрзЗ ржПрж╕рзЗ ржЕржитАНрзНржпржжрзЗрж░ ржжрзНрж░рзБржд ржПрж░рзЗрж╕рзНржЯ ржХрж░рж╛ржпрж╝ ржкрзБрж▓рж┐рж╢ржХрзЗ ржзржитАНрзНржпржмрж╛ржж ржжрж┐ржпрж╝рзЗржЫрж┐рж▓рзЗржи ржПржмрж╛рж░ ржЬрж╛ржорж┐ржи ржкрзЗржпрж╝рзЗ рж▓рж╛ржЗржнрзЗ ржХрж┐ ржкрзБрж▓рж┐рж╢ржХрзЗ ржХрж┐ржЫрзБ  ржжрж┐ржмрзЗржи,1
ржУрж╕рж╛ржорж╛ ржмрж┐ржи рж▓рж╛ржжрзЗржи рж╕рж╛ржд ржЦрзБржирзЗрж░ ржЖрж╕рж╛ржорж┐┬аржмрж╛ ржмрж╛ржВрж▓рж╛ ржнрж╛ржЗ ржжрзЗрж░ ржЖржЧрзЗ ржкрж┐ржЫрзЗ ржУ ржПрждрзЛ ржкрзБрж▓рж┐рж╢ ржерж╛ржХржд ржХрж┐ржирж╛ рж╕рзЗржЯрж╛ ржПржХржЯрж╛ ржкрзНрж░рж╢рзНржи┬а,1
ржирж┐рж░ржкрзЗржХрзНрж╖ рждржжржирзНржд ржХрж░рзЗ ржжрзЛрж╖рзА рж╣рж▓рзЗ рж╕рж╛ржЬрж╛ рж╣рзЛржХ ржЖрж░ ржжрзЛрж╖рзА ржирж╛ рж╣рж▓рзЗ ржорзБржХрзНрждрж┐ ржкрж╛ржХ ржПржЯрж╛ржЗ ржЪрж╛ржУржпрж╝рж╛,1
ржкрждрзНрж░рж┐ржХрж╛ржпрж╝ ржУ ржЯрж┐ржнрж┐рждрзЗ ржирж┐ржЙржЬ рж╣ржмрзЗ рж╢рзЛ ржбрж╛ржЙржирзЗрж░ ржПржХржЯрж╛ ржмрж┐рж╖ржпрж╝ ржЖржЫрзЗ ржирж╛ ржмрж╛ржВрж▓рж╛ржжрзЗрж╢ ржПржЦржи ржЕржирзЗржХ ржЙржирзНржиржд ржкрзБрж▓рж┐рж╢ ржкрзНрж░рж╢рж╛рж╕ржи ржХрждржЯрж╛ ржЧрзБрж░рзБрждрзНржмржкрзВрж░рзНржг ржжрж╛ржпрж╝рж┐рждрзНржм ржкрж╛рж▓ржи ржХрж░ржЫрзЗ ржнрж┐ржЖржЗржкрж┐ рж╕рж╛рж░рзНржнрж┐рж╕ ржжрж┐ржЪрзНржЫрзЗржи рж╕рзЗрж▓рж┐ржмрзНрж░рж┐ржЯрж┐ржХрзЗ рж╕ржмржХрж┐ржЫрзБрждрзЗ ржХрж┐ржкржЯрж╛ржорзА ржХрж░рж╛ ржнрж╛рж▓рзЛ ржирж╛ ржЖржВржХрзЗрж▓рзЗрж░ ржПржХржЯрж╛ ржжрж╛ржпрж╝рж┐рждрзНржм ржЖржЫрзЗ ржирж╛,1
Congratulations to her Appreciate her fighting spirit Now law should operate on its own way,1
ржЖржорж┐ ржмрж╛ржВрж▓рж╛ ржорзБржнрж┐ рж▓рж┐ржЦрж╛ рж╢рзБрж░рзБ ржХрж░ржЫрж┐  ржкрж░рзАржоржирж┐тАжржПржХ ржбрж╛ржирж╛ ржХрж╛ржЯрж╛ ржкрж░рзАрж░ ржХрж╛рж╣рж┐ржирж┐,1
ржмрж╛рж╣ ржХржд ржирж┐рж░рзАрж╣ рж▓рзЛржХ ржХрзЗ рж╕рж╛ржзрж╛рж░ржи ржорж╛ржжржХрзЗрж░ ржЬржирзНржп ржлрж╛рж╕рж┐ ржжрж┐ржЪрзНржЫрзЗ рз╖ ржЖрж░ ржкрж░рж┐ржоржирж┐ ржПрж▓ржПрж╕ржбрж┐ рж╕рж╣ ржзрж░рж╛ ржЦрзЗржпрж╝рзЗржУ ржЬрж╛ржорж┐ржи ржкрж╛ржпрж╝,0
ржЖрж╢рж╛ ржХрж░рж┐ ржкрж░рзАржоржирж┐ рждрж╛рж░ ржЙржкрж░ ржирж┐рж░рзНржпрж╛рждржи ржУ рж╣ржпрж╝рж░рж╛ржирж┐ ржирж┐ржпрж╝рзЗ ржорзБржЦ ржЦрзБрж▓ржмрзЗржи,1
ржоржирзЗ рж╣ржЪрзНржЫрзЗ ржмрж╛ржВрж▓рж╛ржжрзЗрж╢рзЗрж░ ржкрзБрж▓рж┐рж╢ ржмрж╛рж╣рж┐ржирзА ржЕржирзЗржХ ржлрзНрж░рж┐ рждрж╛ржжрзЗрж░ рждрзЗржоржи ржХрзЛржи ржХрж╛ржЬржХрж░рзНржо ржирзЗржЗ  рждрж╛ржирж╛рж╣рж▓рзЗ ржкрж░рзАржоржирж┐рж░ ржкрж┐ржЫрзЗ ржПрждрзЛ ржкрзБрж▓рж┐рж╢ ржХрзЗржи рж╕рзЗ рждрзЛ ржжрзЗрж╢ржжрзНрж░рзЛрж╣рзА ржжрж╛ржЧрзА ржЖрж╕рж╛ржорзА ржмрж╛ ржЬржЩрзНржЧрзА ржХрзЛржи рж╕ржВржЧржаржирзЗрж░ рж╕ржжрж╕рзНржп ржирж╛,1
ржПржЯрж╛ ржХрзЛржи ржЧрж░ржо ржЦржмрж░ ржирж╛ ржПржХрзНржЯрж╛ ржмрзЗ ржХрзЗ ржирж┐ржпрж╝рзЗ ржмрж╛ржВрж▓рж╛ржжрзЗрж╢рзЗрж░ ржЬржиржЧржирзЗрж░ ржХрзЛржи ржорж╛ржерж╛ржмрзНржпрж╛ржерж╛ ржирж╛ржЗ,0
Lol settlement agreed,0
Problem is in the Head no use blaming Nails and Toes,0
ржпрзЗ ржЖржЗржирзЗ ржУржХрзЗ ржЧрзНрз░рзЗржкрзНрждрж╛рж░ ржХрж░рж╛ рж╣ржпрж╝рзЗржЫрзЗ рждрж╛рж░ рж╕рж░рзНржмрзЛржЪрзНржЪ рж╢рж╛рж╕рзНрждрж┐ ржирж╛ржХрж┐ рззрзжрзжржЯрж╛ржХрж╛ ржЬрж░рж┐ржорж╛ржирж╛ ржЖржЧрзЗ ржЖржЗржи рж╢ржХрзНржд ржХрж░рзБржи ржпрж╛рждрзЗ ржПржЗрж╕ржм рж╕рж╛ржорж╛ржЬрж┐ржХ ржЕржкрж░рж╛ржз рж░рзЛржз ржХрж░рж╛ ржпрж╛ржпрж╝ ржХрж┐ржирзНрждрзБ ржПрждрзЛ ржкрзБрж▓рж┐рж╢ ржУржЦрж╛ржирзЗ ржмрзНржпржмрж╣рж╛рж░ ржХрж░рзЗ ржХрж┐ рж░рж╛рж╖рзНржЯрзНрж░рзАржпрж╝ рж╕ржорзНржкржжрзЗрж░ ржЕржкржЪржпрж╝ рж╣рж▓рзЛ ржирж╛ ржпрж╛ржХ ржПржХржЯрж╛ ржирж╛ржЯржХрзЗрж░ ржЕржмрж╕рж╛ржи рж╣рж▓рзЛ рждрж╛рждрзЗржЗ ржЖржорж░рж╛ ржЦрзБрж╢рж┐,1
ржЖржЗржи ржУ ржмрж┐ржЪрж╛рж░рзЗрж░ рж╕рзНржмржЪрзНржЫрждрж╛ ржЪрж╛ржпрж╝ ржЬржиржЧржи рж╢рзБржзрзБ ржкрж░рзАржоржирж┐ ржиржпрж╝ рж╕ржмрж╛ржЗ ржкрзБрж▓рж┐рж╢ ржпрж╛рждрзЗ ржорж╛ржжржХ ржжрж┐ржпрж╝рзЗ ржорж┐ржерзНржпрж╛ ржорж╛ржорж▓рж╛ ржХрж░рждрзЗ ржирж╛ ржкрж╛рж░рзЗ рж╕рзЗ ржирж┐рж╢рзНржЪржпрж╝рждрж╛ ржЪрж╛ржпрж╝ ржорж╛ржирзБрж╖,1
ржХрзЗржи ржкрж░рзАржоржирж┐ржХрзЗ ржЧрзНрж░рзЗржлрждрж╛рж░ ржХрж░рж╛ рж╣рж▓ ржХрзЗржи ржПржд ржирж╛ржЯржХ ржХрж░рж╛  рж╣рж▓ ржЕрж▓рзНржк ржмрж╛ ржмрзЗрж╢рж┐ ржмрж╛ржВрж▓рж╛ржжрзЗрж╢рзЗрж░ рж╕рзБржирж╛ржо ржирж╖рзНржЯ рж╣ржпрж╝рзЗржЫрзЗ,1
рж╢рзБржзрзБ ржирж╛рж░рзА рж╣ржУржпрж╝рж╛рж░ ржХрж╛рж░ржгрзЗржЗ ржПржоржи рж╣рзНржпрж╛рж░рж╛ржЬржорзЗржирзНржЯржкрзБрж░рзБрж╖рж╛рж▓рж┐ рж╕ржорж╛ржЬ ржирж╛рж░рзАржХрзЗ ржирж┐ржпрж╝рзЗ ржорзБржЦрж░рзЛржЪржХ ржирж┐ржЙржЬ ржХрж░рждрзЗржУ ржЖржиржирзНржж ржкрж╛ржпрж╝ржЙржирж┐ ржПржХржЬржи ржкрзБрж░рзБрж╖ рж╣рж▓рзЗ ржмрж╣рзБ ржЖржЧрзЗржЗ ржЬрж╛ржорж┐ржи ржкрзЗрждрзЗржи,1
ржП ржмрж╛рж░ ржХрж╛рж░ ржЬржирзНржоржжрж┐ржи ржкрж╛рж▓ржи ржХрж░рзЗрж╕рзЗржЯрж╛ ржжрзЗржЦрж╛рж░ ржЕржкрзЗржХрзНрж╖рж╛ржЗ ржерж╛ржХрж▓рж╛ржо,1
Ami porimoni k bibaho koritey chai,1
ржкржбрж╝рж┐ржоржирж┐рж░ ржжрзЛрж╕рзНржд ржмржирзНржзрзБрж░рж╛ ржПржмрж╛рж░ ржЦрзБрж╢рж┐,1
ржЕржнрж┐ржиржирзНржжржи ржЖрж╢рж╛ ржХрж░рж┐ ржПржмрж╛рж░ ржЖрж░ ржмрзНрж░рж┐ржЯрж┐рж╢ржмрж┐рж░рзЛржзрзА ржЖржирзНржжрзЛрж▓ржирзЗрж░ ржкрзНрж░ржержо ржирж╛рж░рзА рж╢рж╣рзАржж ржмрзАрж░ржХржирзНржпрж╛┬а,1
ржЬржпрж╝ рж╢рзНрж░рзАрж░рж╛ржо ,1
Bangla vaidhorteo eto police chilo na,1
ржЬрзЗрж▓ржЧрзЗржЯ ржкрж╛рж░ рж╣ржЗрж╕рзЗ,1
ржХрзБржЪржХрзНрж░рзА ржХрж╛рж░рж╛  ржХрж╛рж░рж╛ ржЖржЗржЬржирж╢рзГржЩрзНржЦрж▓рж╛ ржмрж╛рж╣рж┐ржирзАрж░ржЕржкржмрзНржпржмрж╣рж╛рж░ ржХрж░ржЫрзЗ рждрж╛ ржмрзЗрж░ ржХрж░рж╛ ржжрж░ржХрж╛рж░,1
good news,1
Better late than never,1
ржкрж░рж┐ржоржирж┐ ржХрж┐ ржЖржЬ рж▓рж╛ржЗржнрзЗ ржЖрж╕ржмрзЗ,1
рж╕ржмржЗ ржнржЧржмрж╛ржирзЗрж░ ржЗржЪрзНржЫрж╛,1
Right,1
hahahahaha,1
hahaahahha,1
ржХрж╛рж░ржи ржЯрзАржХрж╛ ржжрзНржпрж╛рж╢рзЗ ржХрж░ржирж╛рж░ ржЯрзАржХрж╛рж░ рж╕рж╛ржкрзНрж▓рж╛ржЗ ржирж╛ржЗ рждрж╛ржЗ ржЬржиржЧржи ржУ ржирж┐ржпрж╝ржирждрзНрж░рж┐ржд ржорж┐ржбрж┐ржпрж╝рж╛рж░ рж╕рж╛ржоржирзЗржкрж░рзАржоржгрж┐ ржорзВрж▓рж╛ ржЭрзВрж▓рж╛ржирзЛ рж╣ржпрж╝рзЗржЫрзЗ,0
ржХрж╛рж░рзЗ ржжрзЗржЦрзБржо ┬аржмрж┐рж╢рж╛рж▓ ржкрзБрж▓рж┐рж╢ ржмрж╛рж╣рж┐ржирзА┬а┬аржирж╛ржХрж┐ ржПржХрж▓рж╛ ржирж╛рж░рзА ржкрж░рзАржоржирж┐ ,0
ржЬрж┐ ржирж╛ рждрж┐ржирж┐ ржХрж╛рж▓ ржЖрж╕ржмрзЗржи,1
ha ha ha moja pailam,1
Certainly u r a legend Legend always focus on targetЁЯдг,1
Nijey nijer proshongsha koren,1
рждрж╛ржБрж░ ржЧрзНрж░рзЗржкрзНрждрж╛рж░рзЗ ржмрж╛ржбрж╝рж╛ржмрж╛ржбрж╝рж┐ ржХрж░рж╛ рж╣ржпрж╝рзЗржЫрзЗ,1
ржПрж╕ржмрзЗрж░ ржХрж┐ ржжрж░ржХрж╛рж░ ржЫрж┐рж▓ рждрзЗ ржЖржмрж╛рж░,1
ржкрж╛рж╢рзЗ ржирж╛ ржерзЗржХрзЗржУ ржмрж┐ржмрзГрждрж┐ ржжрж┐ржпрж╝рзЗржЫрзЗржи ржзрж╛ржирзНржжрж╛ржмрж╛ржЬрж┐,1
рж╣рж╛ржУржпрж╝рж╛ ржмрзБржЭрзЗ ржХрж╛ржЬ ржХрж░рж╛ ржмрзБржжрзНржзрж┐ржорж╛ржирзЗрж░ ржХрж╛ржЬ ржнрзБрж▓ рж╕ржарж┐ржХ ржжрзЗржЦрж▓рзЗ ржмрж┐ржкржж,1
ржирзЛржВрж░рж╛ ржЬржЧржд,0
ржпрж╛ржХ рж╢рзБржнржмрзБржжрзНржзрж┐рж░ ржЙржжржпрж╝ рж╣ржпрж╝рзЗржЫрзЗ GoodЁЯСНЁЯСН,1
ржЪрж┐рждрзНрж░ржирж╛ржЯрзНржпржЯрж╛ ржмрзЗрж╢ ржнрж╛рж▓ржЗ рж╕рзБржкрж╛рж░рж╣рж┐ржЯ,0
ржПрж░рж╛ржЗ рж╕ржарж┐ржХ рж╕рж┐ржжрзНржзрж╛ржирзНржд ржирж┐ржпрж╝рзЗржЫрзЗ ржкрзНрж░рж╛ржпрж╝рж╢ ржкрждрзНрж░рж┐ржХрж╛ржпрж╝ ржжрзЗржЦрж┐ ржЕржорзБржХ ржХрзЗ ржЧрзНрж░рзЗржкрзНрждрж╛рж░ ржХрж░рзЗржЫрзЗ  ржмрж╛ржбрж╝рзА рждрж▓рзНрж▓рж╛рж╢рзА ржХрж░рзЗ ржЗржпрж╝рж╛ржмрж╛ рж╣рзЗрж░рзЛржЗржи ржЖржЗрж╕ ржоржж ржЕрж╕рзНрждрзНрж░ рж╣рж░рж┐ржирзЗрж░ ржЪрж╛ржоржбрж╝рж╛ ржкрж╛ржУржпрж╝рж╛ ржЧрзЗржЫрзЗрзз-рззрзл ржжрж┐ржи рж░рж┐ржорж╛ржирзНржбрзЗрж░ ржкрж░ ржорж╛рж╕ ржЦрж╛ржирзЗржХ ржХрж╛рж░рж╛ржЧрж╛рж░рзЗ рждрж╛рж░ржкрж░ рж╣рж╛рж╕рзНржкрж╛рждрж╛рж▓рзЗ рзз ржерзЗржХрзЗ ржжрзБржмржЫрж░рзЗрж░ ржоржзрзНржпрзЗ ржмрзЗржХрж╕рзБрж░ ржЦрж╛рж▓рж╛рж╢ ржкрж░рзАржоржирж┐ ржЖржорж╛рж░ ржЬрж╛ржирж╛ ржорждрзЗ ржмрж╛ржВрж▓рж╛ржжрзЗрж╢рзЗрж░ ржЪрж▓ржЪрж┐рждрзНрж░рзЗ рж╕ржмржЪрзЗржпрж╝рзЗ рж╕рзБржирзНржжрж░ ржирж╛ржпрж╝рж┐ржХрж╛ ржПржХржерж╛ рзорзж% рж╕рзНржмрзАржХрж╛рж░ ржХрж░ржмрзЗ рждрж╛рж░ржоржзрзНржпрзЗ ржлрзЛржмрж╛рж░рж╕ рззрзжрзж ржЬржирзЗрж░ ржПржХржЬржи ржорж╛-ржмрж╛ржм рж╣рзАржи ржПржХрж╛ ржерж╛ржХрзЗ ржПржЗ рждрж╛рж░ рж╕ржорж╕рзНржпрж╛ ржоржзрзБрж░ ржкрж┐ржЫрзЗ ржорзМржорж╛ржЫрж┐ ржерж╛ржХржмрзЗ,1
рж╕рж╛ржХрж▓рж╛ржЗржи  ржУржирж╛рж░ ржХрж┐ рж╣рж▓рзЛ,1
Pori Moni is no longer in real path  She is stay a far distant from film  arena Film  world is an art arena  not  exercising other bad  profession  in name of film actress None expect it  Our film and  concerned artists are ourNations prestige Pori Moni at mid  night sets out for taking foreign wine  But our actor - Anwara Shabana and  Razzak never seen go to club at mid night for collection  foreign wine   Besides this Pori Moni  receives  sophisticated car worth about  tk 35 in exchange ofShe several times goes Arab Emirates  and pass there night  in a grand Hotel  of Buruz Khalifa hotel  in exchange  of  Already Gulshan hotel  authority filed GD against her as she  vandalised the club due to not getting  her expected foreign wine  ADC Golam  Saklain was with her in his government  quarter in 18 hours The investigatorsfind our who  had link with Pori Moni  Try to find out it not motive to harass  her  Police got important information  during remand period,0
ржЧржд рзк ржЖржЧрж╕рзНржЯ ржкрж░рзАржоржирж┐ржХрзЗ ржмржирж╛ржирзАрж░ ржмрж╛рж╕рж╛ ржерзЗржХрзЗ ржмрж┐ржжрзЗрж╢рж┐ ржоржжрж╕рж╣ ржЧрзНрж░рзЗржкрзНрждрж╛рж░ ржХрж░рзЗ рж░тАНрзНржпрж╛ржм  рждрж╛рж░ржкрж░ ржерзЗржХрзЗржЗ рж╢рзБрж░рзБ рж╣рж▓рзЛ рж░рж┐ржорж╛ржирзНржб ржирж╛ржЯржХ ржП ржПржХ ржПрж▓рж╛рж╣рзА ржХрж╛ржирзНржб ржЖржжрж╛рж▓рждрзЗ рждрж╛ржХрзЗ ржХржерж╛ ржмрж▓рждрзЗ ржжрзЗржУржпрж╝рж╛ рж╣рж▓рзЛржирж╛ ржмрж┐ржжрзЗрж╢рзА ржоржжрзЗрж░ рж╕рж╛ржкрзНрж▓рж╛ржпрж╝рж╛рж░ ржХрж╛рж░рж╛,0
Pori Moni is in jail but her boy  friend ADC Saklain is in  his  risk less government job Dream  stay with other Pori Moni with 36  hours in the government quarter ,0
┬аржПржХ┬аржмрзНржпржЯрзЗрж▓рж┐ржпрж╝рж╛ржи рж╕рзИржирзНржп ржирж┐ржпрж╝рзЗ ржкрж░рж┐ржоржгрзАрж░ ржЙржкрж░ ржЭрж╛ржкрж┐ржпрж╝рзЗ ржкржбрж╝рж╛  ржЖрж╕рж╛ржорзА ржЧрзНрж░рзЗржкрзНрждрж╛рж░рзЗ рж╣рж╛ржЗржХрзЛрж░рзНржЯрзЗрж░ ржирж┐рж░рзНржжрзЗрж╢ржирж╛ ржнржВржЧ┬аржП рж╕ржм ржХрж╛рж░ржирзЗ┬арж╣рж╛ржЗ ржХрзЛрж░рзНржЯ ржЖржЧрзЗржЗ рж╕рзНржпрзБржпрж╝рзЛржоржЯрзЛ ржжрж┐рждрзЗ ржкрж╛рж░ржд  рж╕ржорж╕рзНржпрж╛ ржЯрж┐ рж╣ржпрж╝рзЗржЫрзЗ ржПржХржЯрж╛ ржжрзЗрж╢рзЗрж░ рж╕рж░рзНржмржмрзЛржЪрзНржЪ ржЖржж:рж╛рж▓рждржХрзЗ ржЪрж▓рждрзЗ рж╣ржпрж╝┬а┬аржмрж╛ржЗрж░рзЗрж░ ржЪрж╛ржкрзЗ┬а,0
ржХрж╛рж░ржУ┬аржкрзНрж░рждрж┐рж╣рзАржВрж╕рж╛ ржкрзБрж░ржирзЗ ржкрж░рж┐ржоржгрзАржХрзЗ ржирж┐ржпрж╝рзЗ рж░рж╛рж╖рзНржЯрзНрж░рзЗрж░ ржкрзНрж░рждрж┐рж╖рзНржарж╛ржи  ржпрж╛ ржХрж░рж▓ ржПржХржЯрж╛ ржмрж╛ржЬрзЗ ржжрзГрж╖рзНржЯрж╛ржирзНржд рж╣ржпрж╝рзЗ ржерж╛ржХрж▓ ржорж╛ржлрж┐ржпрж╝рж╛рж░┬аржЖржзрж┐ржкрждрзНржп┬аржЪрж▓ржЫрзЗ рж╢рж╛рж╕ржи ржХрзНрж╖ржорждрж╛ржпрж╝┬арж░рж╛ржЬржирзИрждрж┐ржХ ржХрзНрж╖ржорждрж╛ржпрж╝ рж╕рж╛ржорж╛ржЬрж┐ржХ ржХрзНрж╖ржорждрж╛ржпрж╝  ржкрж░рж┐ржоржгрж┐ рждрж╛рж░ рж╢рж┐ржХрж╛рж░ ,1
ржкрж╛ржкрзАржХрзЗ ржирж╣рзЗ ржкрж╛ржкржХрзЗ ржШрзГржгрж╛ ржХрж░---ржорж╣рж╛ржорж╛ржиржмржжрзЗрж░ ржХржерж╛ ржкрж░рзАржоржирж┐ ржмрзБржЭрж▓рж╛ржо ржЕржирзЗржХ ржХрж┐ржЫрзБ ржХрж░рзЗржЫрзЗ ржПржЦрж╛ржирзЗ ржПржХржЯрж╛ ржХржерж╛ ржЖржЫрзЗ ржкрж░рзАржоржирж┐ ржпржжрж┐ ржХрзЛржи ржХрж╛ржЬ (ржирзИрждрж┐ржХ ржХрж┐ржВржмрж╛ ржЕржирзИрждрж┐ржХ) ржпрж╛ ржХрж░рзБржХ ржирж╛ ржХрзЗржи рждрж╛ ржХрж╛рж░ржУ ржирж╛ ржХрж╛рж░ржУ рж╕рж╛ржерзЗ ржХрж░рзЗржЫрзЗ ржЕрждрзНржерж╛ржд ржПржХ рж╣рж╛рждрзЗ рждрж╛рж▓рж┐ ржмрж╛ржЬрзЗ ржирж╛ ------ржХржЗ ржХрж╛ржЙржХрзЗ рждрзЛ ржзрж░рж╛ рж╣рж▓ рж▓рж╛ рждрж╛рж╣рж▓рзЗ ржХрзЗржЙ ржпржжрж┐ рж╕рж╣ржпрзЛржЧрж┐рждрж╛ ржирж╛ ржХрж░рзЗ тАУрждрж╛рж╣рж▓рзЗ рж╕рзЗ ржирж┐рж░рзНржжрзЛрж╖ -------- рждрж╛ржЗ ржкрж░рзАржоржирж┐ржХрзЗ рж╢рзБржзрзБ ржЬрж╛ржорж┐ржи ржирж╛ ржорзБржХрзНржд ржХрж░рзЗ ржжрзЗржпрж╝рж╛ ржЙржЪрж┐рзО  ржЖрж░ ржирж╛ рж╣рж▓рзЗ ржХрзЗ ржХрзЗ ржЬржбрж╝рж┐ржд ржЖржЫрзЗ ржХрж┐ ржХрж┐ ржХрж░рзЗржЫрзЗ рждрж╛ ржкрзНрж░ржХрж╛рж╢ ржХрж░рзЗ рждрж╛ржжрзЗрж░ржУ ржЧрзНрж░рзЗржкрзНрждрж╛рж░ ржХрж░рзБржХ ржмрж┐ржЪрж╛рж░ ржжрзЗржЦрждрзЗ ржЪрж╛ржЗ  ржПрж╕ржмрзЗрж░ рж╢рзЗрж╖ рж╣ржУржпрж╝рж╛ ржЪрж╛ржЗ ржорзЛржЯ ржХржерж╛ ржЖржорж┐ ржЪрж╛ржЗ- EXIT THE DRAGON ENTER THE TIGER┬а,1
ржкрзБрж▓рж┐рж╢ рж░рж╛рж╖рзНржЯрзНрж░рзЗрж░ ржмрж┐ржЪрж╛рж░ ржУ рж╕рж░ржХрж╛рж░рзЗрж░ ржнрж╛ржмржорзВрж░рзНрждрж┐ ржирж┐ржпрж╝рзЗ ржЦрзЗрж▓ржЫрзЗ,1
ржХрж┐ржирзНрждрзБ ржорж╣рж╛ржиржЧрж░ ржжрж╛ржпрж╝рж░рж╛ ржЬржЬ ржЬрж╛ржорж┐ржи ржЖржмрзЗржжржи рж╢рзБржирж╛ржирж┐рж░ ржЬржирзНржп рззрзй рж╕рзЗржкрзНржЯрзЗржорзНржмрж░ ржжрж┐ржи рж░рзЗржЦрзЗржЫрзЗржи ржпрж╛ ржЖржмрзЗржжржиржХрж╛рж░рзАрж░ ржЕржзрж┐ржХрж╛рж░ ржУ рж╕рзНржмрж╛ржзрзАржирждрж╛ржХрзЗ ржЦрж░рзНржм ржХрж░рзЗ------------------------------ ржПржЗ ржзрж░ржирзЗрж░ ржШржЯржирж╛ ржкрзБрж░рзНржмрзЗржУ ржХрж╛рж░рзЛ ржХрж╛рж░рзЛ ржХрзНрж╖рзЗрждрзНрж░рзЗ ржШржЯрзЗржЫрзЗ рж╕рзЗржХрзНрж╖рзЗрждрзНрж░рзЗ ржПржЗ рж╕ржм  ржнрзБржХрзНрждржнрзЛржЧрзА ржЬрж╛ржорж┐ржи ржЖржмрзЗржжржи ржХрж╛рж░рзА  рждрж╛ржжрзЗрж░ ржЕржзрж┐ржХрж╛рж░ ржУ рж╕рзНржмрж╛ржзрж┐ржирждрж╛ ржЦрж░рзНржмрзЗрж░ ржЬржирзНржп ржХрж┐ ржзрж░ржирзЗрж░ ржкрзНрж░рждрж┐ржХрж╛рж░ ржкрзЗрждрзЗ ржкрж╛рж░рзЗржи,1
ржПржЗ ржжрзЗрж╢рзЗ рж╢ржд ржХрзЛржЯрж┐ ржЯрж╛ржХрж╛ ржорзЗрж░рзЗ ржжрж┐рж▓рзЗ ржХрж┐ржЫрзБ рж╣ржпрж╝ ржирж╛ ржЦрзБржирзЗрж░ ржкрж░ ржЦрзБржи ржХрж░рж▓рзЗржУ ржХрж┐ржЪрзБ рж╣ржпрж╝ ржирж╛ ржнрзБржорж┐ ржжрж╕рзНржпрзБрж░рж╛ ржЬрзЛрж░ ржХрж░рзЗ ржЧрж░рж┐ржмрзЗрж░ ржЬржорж┐ ржжржЦрж▓ ржХрж░рж▓рзЗржУ рж╕рж░ржХрж╛рж░рзЗрж░ ржЯржиржХ ржиржбрж╝рзЗ ржирж╛ ржЖржорж░рж╛ ржПржоржи ржПржХржЯрж╛ ржжрзЗрж╢рзЗ ржмрж╕ржмрж╛рж╕ ржХрж░рж┐ ржпрзЗржЦрж╛ржирзЗ ржПржХржЬржирзЗрж░ ржмрж╛рж╕рж╛ржпрж╝ ржоржж ржерж╛ржХрж╛рж░ ржЕржкрж░рж╛ржзрзЗ рзирзжрзж+ ржкрзБрж▓рж┐рж╢ ржирж┐ржпрж╝рзЗ рждрж╛ржХрзЗ ржЧрзНрж░рзЗржлрзНрждрж╛рж░ ржХрж░рждрзЗ ржпрж╛ржпрж╝ ржХрж┐ржЫрзБржЗ ржмрж▓рж╛рж░ ржирж╛ржЗ (ржерзБржХрзНржХрзБ ржЕржирзЗржХ ржХрж┐ржЫрзБ ржмрж▓рзЗ ржлрзЗрж▓ржЫрж┐),1
ржХрзЛржи ржПржХржЬржи ржЦрзБржм ржХрзНрж╖ржорждрж╛ржзрж░ ржорж╛ржирзБрж╖ ржмрж╛ ржорж╛ржирзБрж╖рзА ржкрж░рзАржоржирж┐ржХрзЗ ржкрзНрж░рждрж┐рж╣рж┐ржВрж╕рж╛ржпрж╝ ржЬрж░рзНржЬрж░ ржХрж░ржЫрзЗ,1
ржбрж╛ ржЬрж╛ржлрж░рзБрж▓рзНрж▓рж╛рж╣ ржЪрзМржзрзБрж░рзАрж░ ржорзБржЦрзЗ ржкрж░рзАржоржирж┐ ржирж╛ржЯржХ ржЬржорзЗ ржХрзНрж╖рзАрж░ЁЯдУЁЯдУ,0
тАМрждрзЗрж▓ ржорж╛рж░рж╛ ржмржирзНржз ржХрж░рзБржи,1
ржбрж╛ржГ ржЬрж╛ржлрж░рзБрж▓рзНрж▓рж╛рж╣ ржЪрзМржзрзБрж░рзАрж░ ржИрж╢ржкрзЗрж░ ржЧрж╛ржзрж╛рж░ ржЧрж▓рзНржкржЯрж┐ ржкржбрж╝рж╛ ржЙржЪрж┐ржд рж╕ржмрж╛ржЗржХрзЗ ржЦрзБрж╢рж┐ ржХрж░рж╛ ржпрж╛ржпрж╝ржирж╛ ржХрж╛ржорж╛рж▓ рж╣рзЛрж╕рзЗржи ржкрзНрж░ржорж╛ржгрж┐ржд рж╕рзБржмрж┐ржзрж╛ржмрж╛ржжрзА ржорж╛ржирзБрж╖ ржЭрж╛ржорзЗрж▓рж╛ ржжрзЗржЦрж▓рзЗ рждрж┐ржирж┐ рж╕ржЯржХрзЗ ржкржбрж╝рзЗржи (рззрзпрзорзм рззрзпрзпрзз рж╕рзНржирждрж░рзНржмрзНржп)┬а┬арждрж╛рж░ ржПржХ ржкрж╛ ржмрж┐ржорж╛ржирзЗ ржерж╛ржХрзЗ ржжрзЗрж╢рзЗрж░ ржЬржиржЧржгрзЗрж░ рж╕рж╛ржерзЗ рждрж╛рж░ ржХрзЛржиржЗ рж╕ржВржпрзЛржЧ ржирж╛ржЗ┬арждрж╛ржХрзЗ ржХрзЗржи ржЬрж╛рждрзАржпрж╝ рж╕рж░ржХрж╛рж░рзЗрж░ ржкрзНрж░ржзрж╛ржи ржХрж░рждрзЗ рж╣ржмрзЗ ржмрж┐ржЪрж╛рж░ржкрждрж┐ рж╕рж╛рж╣рж╛ржмрзБржжрзНржжрж┐ржи ржЖрж╣ржоржж ржПржЦржирзЛ ржХрж░рзНржоржХрзНрж╖ржо ржЖржЫрзЗржи┬а,0
 ржЖржорж┐ ржоржирзЗ ржХрж░рж┐ ржкрж░рж┐ржоржирж┐рж░ рж░рж┐ржорж╛ржирзНржб ржжрзЗржУржпрж╝рж╛рж░ ржорзБрж▓ ржХрж╛рж░ржг рждрж╛ржХрзЗ ржПрждржЯрж╛ржпрж╝ ржорж╛ржирж╕рж┐ржХржнрж╛ржмрзЗ ржмрж┐ржкрж░рзНржпрж╕рзНржд ржХрж░рж╛ ржпрж╛рждрзЗ рждрж┐ржирж┐ ржХрж╛рж░рзЛ ржмрж┐рж░рзБржжрзНржзрзЗ  ржорзБржЦ ржЦрзБрж▓рждрзЗ рж╢рж╛рж╣рж╕ ржирж╛ ржкрж╛ржи,1
ржЧрзБрж░рзБрждрж░ ржкрзНрж░ржХрзГрждрж┐рж░ ржЕржкрж░рж╛ржзрзЗрж░ ржХрзНрж╖рзЗрждрзНрж░рзЗ рж╕рж╛ржзрж╛рж░ржгржд ржжрзАрж░рзНржШ рж╕ржоржпрж╝ рж░рж┐ржорж╛ржирзНржбрзЗ ржирзЗржУржпрж╝рж╛ рж╣ржпрж╝рзЗ ржерж╛ржХрзЗ ржЬрж╛рждрзАржпрж╝ ржирж┐рж░рж╛ржкрждрзНрждрж╛ ржмрж╛ ржЬржиржЧрзБрж░рзБрждрзНржм ржмрж┐рж╖ржпрж╝рзЗ ржЧрзБрж░рзБрждрж░ ржорж╛ржорж▓рж╛ржпрж╝ ржЖржжрж╛рж▓рждрзЗрж░ ржПржд ржжрж┐ржирзЗрж░ рж░рж┐ржорж╛ржирзНржбрзЗрж░ ржЕржирзБржорждрж┐ ржжрж┐рждрзЗ ржжрзЗржЦрж╛ ржпрж╛ржпрж╝ ржкрж░рзАржоржирж┐ржХрзЗ ржПржд ржжрж┐ржирзЗрж░ рж░рж┐ржорж╛ржирзНржбрзЗ ржирзЗржУржпрж╝рж╛ рж╕ржВржмрж┐ржзрж╛ржирзЗрж░ ржЪрзЗрждржирж╛ ржорзМрж▓рж┐ржХ ржЕржзрж┐ржХрж╛рж░ ржУ рж╕рзБржкрзНрж░рж┐ржо ржХрзЛрж░рзНржЯрзЗрж░ ржирж┐рж░рзНржжрзЗрж╢ржирж╛рж░ (ржЖржЯржХ ржУ рж░рж┐ржорж╛ржирзНржбтАУрж╕ржВржХрзНрж░рж╛ржирзНржд) рж▓ржЩрзНржШржи ржПржЦрж╛ржирзЗ ржирж┐ржорзНржи ржЖржжрж╛рж▓рждрзЗ ржкрзБрж▓рж┐рж╢рзЗрж░ ржЬржирзНржп ржмрж┐ржжрзНржпржорж╛ржи ржЖржЗржирзЗрж░ рж▓ржВржШржи рж╣ржпрж╝рзЗржЫрзЗ ржХрж┐ржирж╛ рждрж╛ ржжрзЗржЦрж╛ ржжрж░ржХрж╛рж░ ржпрзЗ ржорж╛ржорж▓рж╛ржпрж╝ рж▓ржХрзНрж╖ ржорж╛ржирзБрж╖рзЗрж░ ржЪрзЛржЦ рж╕рзЗржЦрж╛ржирзЗ ржирж┐ржорзНржи ржЖржжрж╛рж▓рждрзЗ ржЖржЗржирзЗрж░ ржЕржмрзНржпрж╛рж╣ржд ржЕржкржмрзНржпржмрж╣рж╛рж░ рж╕ржорж╛ржЬрзЗрж░ ржЬржирзНржп ржорж╛рж░рж╛рждрзНржоржХ ржкрзНрж░ржнрж╛ржм ржлрзЗрж▓ржЫрзЗ,1
ржкрж░рж┐ржоржирж┐ рж░рж╛рж╖рзНржЯрзНрж░рзАржпрж╝ рж╕ржирзНрждрзНрж░рж╛рж╕рзЗрж░ рж╢рж┐ржХрж╛рж░,1
ржХрж┐рж░рзЗ ржнрж╛ржЗ ржжрзБржирж┐ржпрж╝рж╛рждрзЗ ржжрзЗржЦрж┐ ржоржирзНржж рж▓рзЛржХрзЗрж░ ржкржХрзНрж╖ржкрж╛рждржжрзБрж╖рзНржЯрзЗрж░ ржкрж╛рж▓рзНрж▓рж╛ ржорзЗ----рж▓рж╛ ржнрж╛рж░рзАЁЯдФЁЯдФЁЯдФ,1
рж╕рж╛рждржжржлрж╛ржпрж╝ рж░рж┐ржорж╛ржирзНржб рж╢рзЗрж╖рзЗ ржПржЗ рж░рзБрж▓ ржЪрзЗржпрж╝рзЗ ржХрж┐ рж▓рж╛ржн ржПржХржЯрж╛рж░ ржкрж░ ржПржХржЯрж╛ рж░рж┐ржорж╛ржирзНржб ржпржЦржи ржирзЗржпрж╝рзЗ рж╣рж▓рзЛ рждржЦржи ржПрж░рж╛ ржШрзБржорж┐ржпрж╝рзЗ ржЫрж┐рж▓рзЗржи,1
ржХрзЗржБржЪрзЛ ржЦрзБржбрж╝рждрзЗ ржХрзЗржЙржЯрзЗ ржирж╛ ржмрзЗрж░ рж╣ржпрж╝рзЗ ржЖрж╕рзЗ рж╣ржпрж╝рждрзЛржмрж╛ ржПрж░ржХржо ржХрзЛржиржХрж┐ржЫрзБрж░ ржХрж╛рж░ржгржУ рж╣рждрзЗ ржкрж╛рж░рзЗ ржкрж░рж┐ржоржгрж┐рж░ ржжрзАрж░рзНржШ рж╕ржоржпрж╝ ржзрж░рзЗ рж░рж┐ржорж╛ржирзНржбрзЗ рж░рж╛ржЦрж╛ ржкрж░рж┐ржоржгрж┐ рж╕рждрзНржпрж┐ржЗ ржЧрзБрж░рзБрждрж░ ржмрж╛ ржЬржШржгрзНржпрждржо ржжрзЛрж╖рзА ржмрж╛ ржЖрж╕рж╛ржорзА рж╣ржпрж╝рзЗ ржерж╛ржХрзЗ рждрж╛рж╣рж▓рзЗ ржмрж╛ржВрж▓рж╛ржжрзЗрж╢ ржжржирзНржбржмрж┐ржзрж┐ ржЕржирзБржпрж╛ржпрж╝рзА рждрж╛ржХрзЗ рж╕ржарж┐ржХ ржкрзНрж░ржорж╛ржгрж╕рж╛ржкрзЗржХрзНрж╖рзЗ ржжрзНрж░рзБржд рж╢рж╛рж╕рзНрждрж┐ рж╣рзЛржХ ржиржпрж╝рждрзЛржмрж╛ ржмрж╛ржВрж▓рж╛ржжрзЗрж╢рзА ржкрзНрж░ржержорж╢рзНрж░рзЗржгрзАрж░ ржирж╛ржЧрж░рж┐ржХ рж╣рж┐рж╕рж╛ржмрзЗ рждрж╛ржХрзЗ ржХржерж╛ ржмрж▓рж╛рж░ рж╕рзБржпрзЛржЧ ржжрзЗржУржпрж╝рж╛ рж╣рзЛржХ  ржЖржЗржи рж╕ржмрж╛рж░ ржЬржирзНржп ржкрзНрж░ржпрзЛржЬрзНржп ржмрж╛ржВрж▓рж╛ржжрзЗрж╢рзА ржирж╛ржЧрж░рж┐ржХ рж╣рж┐рж╕рж╛ржмрзЗ ржЖржЗржи рж╕ржмрж╛рж░ ржЬржирзНржп ржмрж▓ржмрзО рж╕рзЗ ржпрзЗржЗ рж╣рзЛржХ ржирж╛ ржХрзЗржи ржпржжрж┐ ржжрзЛрж╖рзА рж╕рж╛ржмрж╕рзНрже рж╣ржпрж╝ ржПржмржВ ржпрж╛рж░рж╛ рж╕ржВрж╢рзНрж▓рж┐рж╖рзНржЯ ржкрж░рж┐ржоржгрж┐рж░ рж╕рж╛ржерзЗ ржЬржбрж╝рж┐ржд рж╢рж╛рж╕рзНрждрж┐ рж╕ржХрж▓рзЗрж░ рж╕ржорж╛ржи рж╕ржорж╛ржи рж╣ржУржпрж╝рж╛ ржЕрждрж┐ржм ржЬрж░рзБрж░рзА,1
ржЖржорж░рж╛ржУ ржПрж╕ржм ржмрзНржпрж╛ржкрж╛рж░рзЗ ржЙржЪрзНржЪ ржЖржжрж╛рж▓ржд ржХрж┐ рж░рж╛ржпрж╝ ржжрзЗржпрж╝ рждрж╛ ржЬрж╛ржирж╛рж░ ржЕржкрзЗржХрзНрж╖рж╛ржпрж╝ ржЖржЫрж┐,1
ржкрж░рзАржоржирж┐ржХрзЗ ржПржд ржжрж┐ржирзЗрж░ рж░рж┐ржорж╛ржирзНржбрзЗ ржирзЗржУржпрж╝рж╛ рж╕ржВржмрж┐ржзрж╛ржирзЗрж░ ржЪрзЗрждржирж╛ ржорзМрж▓рж┐ржХ ржЕржзрж┐ржХрж╛рж░ ржУ рж╕рзБржкрзНрж░рж┐ржо ржХрзЛрж░рзНржЯрзЗрж░ ржирж┐рж░рзНржжрзЗрж╢ржирж╛рж░ (ржЖржЯржХ ржУ рж░рж┐ржорж╛ржирзНржбтАУрж╕ржВржХрзНрж░рж╛ржирзНржд) рж▓ржЩрзНржШржи------------------------- ржпрж╛рж░рж╛ ржПрж╕ржм рж▓ржЩрзНржШржи ржХрж░рзЗржи  ржмрж┐рж╢рзЗрж╖ржд ржЪрзЗрждржирж╛ржХрзЗ ржЙрж▓ржЯржкрж╛рж▓ржЯ ржХрж░рзЗ ржжрзЗржи рждрж╛рж░рж╛ ржЬрж╛ржирзЗржи ржпрзЗ ржУржжрзЗрж░ ржХрж┐ржЫрзБржЗ рж╣ржмрзЗржирж╛ ржУржжрзЗрж░ рж╢рзЗржХржбрж╝ ржмрзЗрж╢ рж╢ржХрзНржд ржПржмржВ ржУрж░рж╛ ржЖржЗржи ржЖржжрж╛рж▓рждрзЗрж░ ржХрж┐ржЮрзНржЪрж┐рзО ржЙрж░рзНржжрзНржзрзЗ ржЕржмрж╕рзНржерж╛ржи ржХрж░рзЗ ржерж╛ржХрзЗржи,1
ржПржХржЯрж╛ржпрж╝ рж▓рж╛ржн ржЕржирзНржп ржХрж╛рж░рзЛрж░ ржпрзЗржи ржПржоржи ржШржЯржирж╛ ржЖрж░ ржирж╛ ржШржЯрзЗ,1
ржкрж░рж┐ржоржирж┐рж░ ржмрзЗржкрж░рзЛржпрж╝рж╛ ржЬрзАржмржи-ржпрж╛ржкржи ржерзЗржХрзЗ ржЖржЬ рждрж╛рж░ ржПржЗ ржкрж░рж┐ржирждрж┐ ржПрждрзЗ ржЕржирзЗржХ ржХрж┐ржЫрзБ рж╢рж┐ржХрзНрж╖ржирзАржпрж╝ ржЖржЫрзЗ,0
ржкрж░рзАржоржирж┐рждрзЛ ржЦрзБржирзЗрж░ ржЖрж╕рж╛ржорзА ржирж╛ рждрж╛ржХрзЗ ржХрзЛрж░рзНржЯрзЗ ржирж┐рждрзЗ рж╢ржЦрж╛ржирж┐ржХ ржкрзБрж▓рж┐рж╢рзЗрж░ ржХрж╛ржЬржХрж┐ ржкрзБрж▓рж┐рж╢ ржмрж╛рж╣рж┐ржирзАрж░ ржЖрж░ ржХрзЛржи ржХрж╛ржЬ ржирж╛ржЗ ржоржирзЗ рж╣ржпрж╝ рж╕ржмржХрж┐ржЫрзБрждрзЗржЗ рж╢рзЛ ржбрж╛ржЙржи ржХрж░рж╛ ржПржХржЯрж╛ рж░рзЗржУржпрж╝рж╛ржЬ рж╣ржпрж╝рзЗ ржжрж╛ржбрж╝рж┐ржпрж╝рзЗржЫрзЗ ржпрзЗ ржнрж╛ржЗ ржмрж▓рж▓рзЗржи ржкрж░рзАрж░ ржирж┐рж░рж╛ржкрждрзНрждрж╛рж░ ржЬржитАНрзНржп ржУржирж╛рж░  ржЬрж╛ржирж╛рж░ ржЬржитАНрзНржп ржмрж▓ржЫрж┐ ржЗржирзНржжрж┐рж░рж╛ ржЧрж╛ржирзНржзрзА ржУ рж░рж╛ржЬрзАржм ржЧрж╛ржирзНржзрзАржХрзЗ рж░рж╛рж╖рзНржЯрзНрж░ ржкрзНрж░ржзрж╛ржи рж╣рж┐рж╕рж╛ржмрзЗ рж╕рж░рзНржмрзЛржЪрзНржЪ ржирж┐рж░рж╛ржкрждрзНрждрж╛ржпрж╝ рж╣рждтАНрзНржпрж╛ ржХрж░рж╛ рж╣ржпрж╝рзЗржЫрзЗ ржУрждрзЛ рж╕рж╛ржорж╛ржирзНржп ржкрж░рзА рж╕ржмржХрж┐ржЫрзБрждрзЗ ржмрж╛ржбрж╝рж╛ржмрж╛ржбрж╝рж┐ ржнрж╛рж▓рзЛ ржирж╛,1
ржПржХржЬржи ржкрж░рж┐ржоржирзАрж░ рж╕рж╛ржерзЗ рж░рж╛рж╖рзНржЯрзНрж░ ржПржоржи ржмрзНржпржмрж╣рж╛рж░ ржХрж░ржЫрзЗ ржпрзЗ ржУржирж╛рж░ ржЪрзЗржпрж╝рзЗ ржмржбрж╝ ржЧржгрж╢рждрзНрж░рзБ  ржЖрж░ ржХрзЗржЙ ржирзЗржЗ ржЖрж╕рж▓рзЗ ржЕржирзЗржХ ржмржбрж╝ ржмржбрж╝ рж░рзБржЗ-ржХрж╛рждрж▓рж╛ ржкрзЗржЫржирзЗ ржерзЗржХрзЗ ржХрж▓ржХрж╛ржарж┐ ржирж╛ржбрж╝ржЫрзЗ ржпрж╛рждрзЗ ржкрж░рж┐ржоржирзАржХрзЗ ржПржХржорж╛рждрзНрж░ ржжрзЛрж╖рзА ржмрж╛ржирж┐ржпрж╝рзЗ ржирж┐ржЬрзЗржжрзЗрж░ ржлрзЗржБрж╕рзЗ ржпрж╛ржУржпрж╝рж╛ ржПржбрж╝рж╛рждрзЗ ржкрж╛рж░рзЗ ржПржЗрж╕ржм рж░рзБржЗ-ржХрж╛рждрж▓рж╛рж░рж╛ ржХржЦржиржЗ ржзрж░рж╛ ржкржбрж╝рзЗ ржирж╛ ржХрж┐ржирзНрждрзБ ржкрзНрж░рж╛ржг ржпрж╛ржпрж╝ ржкрзБржБржЯрж┐ ржорж╛ржЫрзЗрж░,1
Jonaba underworld er shathey valo vabeyi jorriye porresey monney hossey,0
ржЕржкрж░рж╛ржзрзАрж░ ржкржХрзНрж╖рзЗ ржпрж╛рж░рж╛ ржХржерж╛ ржмрж▓рзЗ рждрж╛ржжрзЗрж░ ржмрж┐рж░рзБржжрзНржзрзЗ ржмрзНржпрж╛ржмрж╕рзНржерж╛ ржирзЗржпрж╝рж╛ржЯрж╛ ржЬрж░рзБрж░рзА рж╣ржпрж╝рзЗ ржкржбрж╝рзЗржЫрзЗ  ,1
ржЖржжрж╛рж▓рждрзЗрж░ ржХрж╛ржЫрзЗ ржЖржорж╛рж░ ржкрзНрж░рж╢рзНржиржГ- ржкрж░рзАржоржирж┐ ржЕржд ржмржбрж╝ ржорж╛рж╕рзНрждрж╛ржи ржирж╛ рждрж╛ржХрзЗ ржХрзЗржЙ ржЖржжрж╛рж▓ржд ржкрж╛ржбрж╝рж╛ ржерзЗржХрзЗ ржХрзЗржбрж╝рзЗ ржирж┐ржпрж╝рзЗ ржпрж╛ржмрзЗ ржирж╛ рждрж╛рж╣рж▓рзЗ ржПржд ржкрзБрж▓рж┐рж╢ ржХрзЗржи,1
ржЖрж╕рж╛ржорзА /ржорж╛ржирзБрж╖ржХрзЗ рж░рж┐ржорж╛ржирзНржбрзЗ ржирж┐ржпрж╝рзЗ ржХрзЛржи ржирж╛ ржХрзЛржи рждржерзНржп ржкрж╛ржУржпрж╝рж╛ ржпрж╛ржпрж╝ ржХрзЗ ржХрзЗ ржХрж╛рж░рж╛ ржХрж╛рж░рж╛ ржПрж╕ржмрзЗ ржЬржбрж╝рж┐ржд ----ржХрж┐ржирзНрждрзБ ржжрзБржГржЦрзЗрж░ ржмрж┐рж╖ржпрж╝ рж╕рзЗ ржЕржирзБрж╕рж╛рж░рзЗ ржХрж┐ ржХрзЛржи ржХрж╛ржЙржХрзЗ ржзрж░рзЗржЫрзЗ ржЙрждрзНрждрж░ ржирж╛ ржЖржорж╛рж░ ржоржирзЗ рж╣ржпрж╝ ржпрзЗ рж╕ржм ржирж╛ржо ржмрж▓рзЗ рждрж╛ржжрзЗрж░ ржХрж╛ржЫрзЗ рж╕рж┐рж╕рзНржЯрзЗржо ржХрж░рзЗ ржирзЗржпрж╝ рж╣рж╛ржпрж╝  ржкрж░рзАржоржирж┐рж░рж╛ ржирж╛ржо ржЕ ржкрзНрж░ржорж╛ржи ржмрж▓рзНрж▓рзЗржУ рждрж╛рж░рж╛ рж╕рзЗржл рж╣ржпрж╝рзЗ ржпрж╛ржпрж╝ рж╕ржм ржжржЦрж▓ ржпрж╛ржпрж╝ ржкрж░рзАржоржирж┐ржжрзЗрж░ ржЙржкрж░,1
ржЬрж╛ржорж┐ржи рж╣рзЛржХ ржмрж╛ ржирж╛ рж╣рзЛржХ ржкрзНрж░рждрж┐ рж╕ржкрзНрждрж╛рж╣рзЗ ржЬрж╛ржорж┐ржи рж╢рзБржирж╛ржирзА рж╣ржмрзЗ ржЖржЧрзЗ рждрж╛ржЗ ржЫрж┐рж▓ рж╕рзЗржкрж╛рж░рзЗрж╢ржирзЗрж░ ржкрж░ ржПржЗ ржпрзМржХрзНрждрж┐ржХ ржирж┐ржпрж╝ржо ржмржжрж▓рзЗ ржЧрзЗрж▓ ржХрзЗржи ржЖржжрждрзЗ ржЬрж╛ржорж┐ржи рж╢рзБржирж╛ржирзА ржЖрж░ ржЕржкрж░рж╛ржз ржЖржорж▓рзЗ ржирзЗржпрж╝рзЗ ржЬрзБржбрж┐рж╢рж┐ржпрж╝рж╛рж▓ ржирж╛ рж╣ржпрж╝рзЗ рж╕рзЗржорж┐-ржЬрзБржбрж┐рж╕рж┐ржпрж╝рж╛рж▓ ржкрзНрж░рж╕рзЗрж╕ рж╣ржУржпрж╝рж╛ ржЙржЪрж┐ржд,1
ржЖржорж╛рж░ ржоржирзЗ рж╣ржпрж╝ ржкрж░рж┐ржоржирж┐рж░ ржкрзНрж░рждрж┐ ржЕрждрж┐рж░рж┐ржХрзНржд рж╕рж╣рж╛ржирзБржнрзВрждрж┐ ржжрзЗржЦрж╛ржирзЛ рж╣ржЪрзНржЫрзЗ ржПрждрзЗ рж╣рж┐рждрзЗ ржмрж┐ржкрж░рзАржд рж╣рждрзЗ ржкрж╛рж░рзЗ ржкрж░рж┐ржоржирж┐ ржПржЗ ржорзБрж╣рзВрж░рзНрждрзЗ ржЫрж╛ржбрж╝рж╛ ржкрзЗрж▓рзЗ ржЖрж░ржУ ржмрзЗржкрж░рзЛржпрж╝рж╛ рж╣ржпрж╝рзЗ ржЙржарждрзЗ ржкрж╛рж░рзЗ рждрж╛ржЗ ржУржХрзЗ ржЖрж░ржУ ржХрж┐ржЫрзБ ржжрж┐ржи ржЬрзЗрж▓рж╛рж░ ржнрж╛ржд ржЦрж╛ржУржпрж╝рж╛ржирзЛ рж╣рзЛржХржпрж╛рждрзЗ ржнрж╛рж▓ржнрж╛ржмрзЗ рж╢рж┐ржХрзНрж╖рж╛ рж╣ржпрж╝,0
ржПрж░ ржЖржЧрзЗ ржкрж░рж┐ржоржгрзА┬аржЧрзНрж░рзЗржкрзНрждрж╛рж░ ржмрж╛рж░ ржмрж╛рж░ рж░рж┐ ржорж╛ржирзНржб  ржПржХ┬аржмрзНржпржЯрзЗрж▓рж┐ржпрж╝рж╛ржи рж╕рзИржирзНржп ржирж┐ржпрж╝рзЗ ржкрж░рж┐ржоржгрзАрж░ ржЙржкрж░ ржЭрж╛ржкрж┐ржпрж╝рзЗ ржкржбрж╝рж╛  ржЖрж╕рж╛ржорзА ржЧрзНрж░рзЗржкрзНрждрж╛рж░рзЗ рж╣рж╛ржЗржХрзЛрж░рзНржЯрзЗрж░ ржирж┐рж░рзНржжрзЗрж╢ржирж╛ ржнржВржЧ┬аржП рж╕ржм ржХрж╛рж░ржирзЗ┬арж╣рж╛ржЗ ржХрзЛрж░рзНржЯ ржЖржЧрзЗржЗ рж╕рзНржпрзБржпрж╝рзЛржоржЯрзЛ ржжрж┐рждрзЗ ржкрж╛рж░ржд┬а,1
ржЬрзНржпрзЗрж╖рзНржа ржЖржЗржиржЬрзАржмрзА ржЬрзЗржб ржЖржЗ ржЦрж╛ржи ржкрж╛ржирзНржирж╛  ржкрж░рж┐ржоржирж┐рж░ ржоржирзЛржирж┐ржд ржЖржЗржиржЬрзАржмрж┐ ржиржпрж╝,1
ржкржбрж╝рж┐ржоржирж┐рж░рж╛ рж╣рзЗрждржнрж╛ржЧрж╛ ,0
ржЖржжрж╛рж▓ржд ржирж┐ржЬрзЗржЗ ржЬрж╛ржорж┐ржи ржжрж┐рж▓рзЗ ржнрж╛рж▓рзЛ рж╣ржд,1
ржжрзЗрж╢ржЯрж┐ ржоржЧрзЗрж░ ржорзБрж▓рзНрж▓рзБржХрзЗ ржкрж░рж┐ржгржд рж╣ржпрж╝рзЗржЫрзЗ ржПржЗ ржжрзЗрж╢рзЗ ржЦрзБржи ржХрж░рж▓рзЗ рж╢рж╛рж╕рзНрждрж┐ рж╣ржпрж╝ ржирж╛ ржжрзБржЗ ржмрзЛрждрж▓ ржоржж ржкрзЗрж▓рзЗ рж░рж╛рж╖рзНржЯрзНрж░ рждрж╛рж░ ржкрзБрж░рзЛ рж╢ржХрзНрждрж┐ ржирж┐ржпрж╝рзЗ ржЭрж╛ржкрж┐ржпрж╝рзЗ ржкрж░рзЗ,1
ржХрж┐ржЫрзБ ржорж╛ржирзБрж╖рзЗрж░ ржЖржЪрж░ржг ржжрзЗржЦрзЗ ржоржирзЗ рж╣ржпрж╝ ржорж╛ржжржХ рж╕ржВрж╢рзНрж▓рж┐рж╖рзНржЯ ржЕржкрж░рж╛ржз рждрзЗржоржи ржмржбрж╝ ржХрж┐ржЫрзБ ржиржпрж╝,1
ржкрж░рж┐ ржоржирж┐рж░ ржорзБржХрзНрждрж┐ ржЪрж╛ржЗ,1
ржорж╛ржирзБрж╖ ржЦрзБржи ржХрж░рзЗ ржЪрзБрж░рж┐-ржЪрж╛ржорж╛рж░рж┐ ржХрж░рзЗ ржмрзНржпрж╛ржВржХ ржерзЗржХрзЗ рж╣рж╛ржЬрж╛рж░ рж╣рж╛ржЬрж╛рж░ ржХрзЛржЯрж┐ ржХрзЛржЯрж┐ ржЯрж╛ржХрж╛ ржорзЗрж░рзЗ ржЕрж╕ржВржЦ ржорж╛ржирзБрж╖рзЗрж░ ржЬрзАржмржи ржирж╖рзНржЯ ржХрж░рзЗ ржЧрж╛ржпрж╝рзЗ рж╣рж╛ржУржпрж╝рж╛ рж▓рж╛ржЧрж┐ржпрж╝рзЗ ржШрзБрж░рзЗ ржмрзЗрж░рж╛ржЪрзНржЫрзЗ ржЕржержЫ ржкрж░рж┐ржоржирж┐рж░ рзй ржЦрж╛ржирж╛ ржорж╛ржжржХ ржЙржжрзНржзрж╛рж░ ржХрж░рзЗ (allegedly) ржкрзБрж▓рж┐рж╢ ржЖржжрж╛рж▓ржд ржУржирж╛ржХрзЗ ржирж┐ржпрж╝рзЗ ржкрж┐ржВ ржкржВ ржЦрзЗрж▓рж╛ рж╢рзБрж░рзБ ржХрж░рзЗржЫрзЗ ржкрзБрж▓рж┐рж╢рзЗрж░ ржХрж┐ ржЦрзЗржпрж╝рзЗ ржжрзЗржпрж╝рзЗ ржЖрж░ ржХрж╛ржЬ ржирж╛ржЗ no wonder even after doing some really good field work people have 0 trust in police and on our justice system Law enforcement and justice system should be ashamed on their actions Not sure about the law but even if her crime is proved why cant it be a fine with some social service,1
No Comments,1
ржПржЗ ржорзЗржпрж╝рзЗржЯрж┐рж░ ржПржд ржмрж╛рж░ рж░рж┐ржорж╛ржирзНржб ржЪрж╛ржУржпрж╝рж╛рж░ ржЙржжрзНржжрзЗрж╢рзНржп ржПржХржЯрж╛ржЗ рж╣рждрзЗ ржкрж╛рж░рзЗ рждрж╛рж╣рж▓ рж░рж╛ржШржм ржмрзЛржпрж╝рж╛рж▓ржжрзЗрж░ ржирж╛ржо ржЧрзЛржкржи рж░рж╛ржЦрж╛рж░ ржУржпрж╝рж╛ржжрж╛ ржЖржжрж╛ржпрж╝ ржХрж░рзЗ ржирзЗржУржпрж╝рж╛,1
ржХрж┐ржЫрзБ ржорж╛ржирзБрж╖ ржЕрждрж┐рж░рж┐ржХрзНржд ржжрж░ржж ржжрзЗржЦрж┐ржпрж╝рзЗ ржкрж░рзАржХрзЗ ржнржмрж┐рж╖рзНржпрждрзЗ ржЖрж░ ржУ ржЕржкрж░рж╛ржз ржХрж░рж╛рж░ ржЙрждрж╕рж╛рж╣ ржпрзЛржЧрж╛ржЪрзНржЫрзЗ,1
ржПржЦржи ржЕржирзНржпрж╛ржпрж╝рзЗрж░ ржкржХрзНрж╖рзЗ ржХрж┐ржЫрзБ рж╕рзНржмрж╛рж░рзНржержкрж░ ржорж╛ржирзБрж╖ ржХржерж╛ ржмрж▓рзЗ рж╕ржоржпрж╝ржЯрж╛ ржЦрзБржмржЗ ржнржпрж╝ржирзНржХрж░ ржЙрж╢рзГржирзНржЦрж▓ ржЕржкрж░рж╛ржзрзА ржорж╛ржжржХ рж╕рзЗржмрж┐ржХрзЗ ржмрж╛ржЪрж╛рждрзЗ ржорж╛ржиржм ржмржирзНржзржи ржУ рж╣ржпрж╝ ржЖржЬржм ржмрзНржпрж╛ржкрж╛рж░,1
ржПржЦржи ржЕржирзНржпрж╛ржпрж╝рзЗрж░ ржкржХрзНрж╖рзЗ ржХрж┐ржЫрзБ рж╕рзНржмрж╛рж░рзНржержкрж░  ржорж╛ржирзБрж╖ ржХржерж╛ ржмрж▓рзЗ рж╕ржоржпрж╝ржЯрж╛ ржЦрзБржмржЗ ржнржпрж╝ржирзНржХрж░ ржЙрж╢рзГржирзНржЦрж▓ ржЕржкрж░рж╛ржзрзА ржорж╛ржжржХ рж╕рзЗржмрж┐ржХрзЗ ржмрж╛ржЪрж╛рждрзЗ ржорж╛ржиржм ржмржирзНржзржи ржУ рж╣ржпрж╝ ржЖржЬржм ржмрзНржпрж╛ржкрж╛рж░,1
ржкрж░рзАржоржгрж┐ рж╣рж╛ржЬржд ржерзЗржХрзЗ ржмрзЗрж░ рж╣ржпрж╝рзЗ ржжрзЗрж╢рзЗрж░ ржЬржирзНржп рж╕ржорж╛ржЬрзЗрж░ ржЬржирзНржп ржЕржиржирзНржп ржХрж┐ржЫрзБ ржХрж░ржмрзЗ ржирж╛ ржХрзЗ ржмрж▓рждрзЗ ржкрж╛рж░рзЗ  ржорж╣рж╛ржорж╛ржирзНржп рж╣рж╛ржЗржХрзЛрж░рзНржЯ ржПржЯрж╛ ржЕржирзБржзрж╛ржмржи ржХрж░рзЗржЫрзЗржи  ржЕржкржжрж╛рж░рзНрже ржЫржбрж╝рж╛ржХрж╛рж░ рж╕рж╛ржВржмрж╛ржжрж┐ржХ ржПрж░ ржХрж┐ржЫрзБрж░ ржЬрж╛ржорж┐ржи рж╢рзБржирж╛ржирж┐ ржкрзЗржЫрж╛рж▓рзЛ ржХрж┐  ржирж╛ рждрж╛рждрзЗ ржХрж┐ ржЖрж╕рзЗ ржпрж╛ржпрж╝  ржЖржорж╛ржжрзЗрж░ ржЧрзНрж░рж╛ржорзЗрж░ ржШрж░рзЗ ржШрж░рзЗ ржЖрж░рзЛ ржкрж░рзАржоржирж┐рж░ ржЬржирзНржо рж╣рзЛржХ ржПржЗ ржкрзНрж░рж╛рж░рзНржержирж╛ ржХрж░рж┐  ржкрзНрж░рж╛ржзрж┐ржХрж╛рж░ ржнрж┐рждрзНрждрж┐рждрзЗ ржЬрж╛ржорж┐ржи рж╢рзБржирж╛ржирж┐ ржХрж░рж╛ ржЧрзЗрж▓рзЗ ржЖржорж╛ржжрзЗрж░ ржнржмрж┐рж╖рзНржпрзО ржкрж░рзАржоржгрж┐рж░рж╛  ржЕржмрж╢рзНржпржЗ ржЖрж╢рж╛ржирзНржмрж┐ржд рж╣ржмрзЗржи  ржЗржирж╢рж╛рж▓рзНрж▓рж╛рж╣ ржкрж░рзАржоржгрж┐ рждрзЗ ржЫрзЗржпрж╝рзЗ ржпрж╛ржмрзЗ ржжрзЗрж╢  ржЕржЪрж┐рж░рзЗржЗ ,1
ржкрзБрж▓рж┐рж╢ ржЖрж░ ржЖржжрж╛рж▓ржд ржорж┐рж▓рж▓рж╛ ржорж╛ржЗржпрж╝рж╛ржЯрж╛рж░рзЗ ржХрж┐ ржХрж░рждрж╛ржЫрзЗ ржпрж╛ржХ рж╣рж╛ржЗржХрзЛрж░рзНржЯ ржЬрж╛ржпрж╝ржЧрж╛ ржоржд ржзрж░рж╕рзЗ ржорж╛ржорж▓рж╛ ржЪрж▓рзБржХ ржЬрж╛ржорж┐ржи ржкрж╛ржУржпрж╝рж╛ржЯрж╛ ржЬрж░рзБрж░рж┐,1
ржЖржЗржирзЗрж░ ржЪрзЛржЦрзЗ рж╕ржмрж╛ржЗ рж╕ржорж╛ржи- ржпржжрж┐ ржХрзЛржи рж░ржХржорзЗ ржЖржЗржирзЗрж░ ржарж┐ржХ ржЪрзЛржЦрзЗрж░ рж╕рж╛ржоржирзЗ ржкржбрж╝рж╛ ржпрж╛ржпрж╝ ржкрж░рж┐ржоржирж┐ ржкржбрж╝рзЗ ржЧрж┐ржпрж╝рзЗржЫрзЗ рж╕рзМржнрж╛ржЧрзНржпржХрзНрж░ржорзЗ  ржХрж┐ржирзНрждрзБ ржпрж╛рж░рж╛ ржкрж░рж┐ржоржирж┐рж░ ржоржд рж╕рзМржнрж╛ржЧрзНржпржмрждрзА ржирж╛ рждрж╛ржжрзЗрж░ ржмрзНржпрж╛ржкрж╛рж░рзЗржУ ржпржжрж┐ рж╣рж╛ржЗржХрзЛрж░рзНржЯ ржПржХржЯрзБ ржЬрж┐ржЧрзНржпрзЗрж╕ ржХрж░рждрзЗржи ржпрзЗ ржПржЯрж╛ржЗ ржХрж┐ ржЬрж╛ржорж┐ржирзЗрж░ рж╢рзБржирж╛ржирж┐рж░ рж╕ржоржпрж╝ ржирж┐рж░ржзрж╛рж░ржирзЗрж░ ржирж┐ржпрж╝ржо ржирж╛ржХрж┐ ржкрж░рж┐ржоржирж┐рж░ рж╕рж╛ржерзЗржЗ рж╢рзБржзрзБ ржПржоржиржЯрж╛ ржХрж░рж╛ рж╣ржпрж╝рзЗржЫрзЗ ржпржжрж┐ ржПржЗржЯрж╛ржЗ ржирж┐ржпрж╝ржо рж╣ржпрж╝рзЗ ржерж╛ржХрзЗ рждрж╛рж╣рж▓рзЗ рж╕рзЗржЧрзБрж▓рзЛрж░ рж╢рзБржирж╛ржирж┐ржУ ржХрзЗржи ржжрзБржЗ ржжрж┐ржирзЗрж░ ржоржзрзНржпрзЗ ржиржпрж╝,1
рж╣рж╛ржЗржХрзЛрж░рзНржЯ ржирж┐ржЬрзЗржЗ ржЬрж╛ржорж┐ржи ржжрж┐рж▓рзЗржЗ ржорж┐ржЯрзЗ ржпрж╛ржпрж╝ ржкрж░рзАржоржирж┐ ржЬрж╛ржорж┐ржирзЗ ржерж╛ржХрж▓рзЗ рж░рж╛рж╖рзНржЯрзНрж░рзЗрж░ ржХрзНрж╖рждрж┐ ржирж╛ ржХрж┐ ржХрж┐ржЫрзБ рж▓ржорзНржкржЯ ржмрзНржпржмрж╕рж╛ржпрж╝рзАржжрзЗрж░ ржХрзНрж╖рждрж┐,1
ржПржЯрж╛ ржУ ржПржХржЯрж╛ рж░рж┐ржорж╛ржирзНржбрзЗрж░ ржУржпрж╝рж╛рж▓ржб рж░рзЗржХрж░рзНржб рж╣ржмрзЗ,1
ржЖржкржирж┐ ржХрж┐ рждрж╛рж░ рж░рж╛рждрзЗрж░ рж░рж╛ржЬрж╛ рждрж╛рж░ ржЬрж╛ржорж┐ржи рж╣рж▓рзЗ ржЖржкржирж╛рж░ ржХржерж╛ ржмрж▓рзЗ ржжрж┐ржмрзЗ,0
рж╣рждрзЗржУ ржкрж╛рж░рзЗ BHUIYAN 1964 ржХрзЗржУ рж╣рж╛ржЬрждрзЗ ржврзБржХрж╛ржирзЛ рж╣рзЛржХ┬арждрж╛рж░ржкрж░рзЗ ржЖржжрж╛рж▓рждрзЗ ржирж┐ржпрж╝рзЗ ржЬрж┐ржЬрзНржЮрж╛рж╕рж╛ржмрж╛ржж ржХрж░рж╛ рж╣рзЛржХ :)┬а,1
ржПржЯрж╛ржХрзЗ ржжрж░ржж ржжрзЗржЦрж╛ржирзЛ ржмрж▓рзЗржгрж╛ ржПржЯрж╛ржХрзЗ ржмрж▓рзЗ ржЕржирзНржпрж╛ржпрж╝рзЗрж░ ржмрж┐рж░рзБржжрзНржзрзЗ ржХржерж╛ ржмрж▓рж╛ ржкрж░рж┐ржоржгрж┐рж░ ржЬрж╛ржпрж╝ржЧрж╛ржпрж╝ ржЕржирзНржп ржХрж╛ржЙржХрзЗ ржПржнрж╛ржмрзЗ ржмрж╛рж░ржмрж╛рж░ рж░рж┐ржорж╛ржирзНржбрзЗ ржирж┐рж▓рзЗ ржИржЪрзНржЫрж╛ржХрж░рзЗ рждрж╛рж░ ржЬрж╛ржорж┐ржи ржкрзЗржЫрж╛рж▓рзЗ рждрж╛рж░ ржирж╛ржЧрж░рж┐ржХ ржЕржзрж┐ржХрж╛рж░ рж╣рж░ржг ржХрж░рж▓рзЗ- рж╕рзЗржЯрж╛ ржирж┐ржпрж╝рзЗржУ ржкрзНрж░рждрж┐ржмрж╛ржж рж╣ржд,1
ржЖржорж┐ ржПржХржЯрзБ ржмрж▓рждрзЗ ржЪрж╛ржЗ ржжрзЗрж╢рзЗрж░ ржЧрзЛржпрж╝рзЗржирзНржжрж╛ ржмрж╛рж╣рж┐ржирзАржХрзЗ ржЕржмрж╢тАНрзНржпржЗ ржжрзЗрж╢рзЗрж░ ржУ ржЬржиржЧржгрзЗрж░ рж╕рж╛рзНрж░рзНржерзЗ ржирж┐рж░ржкрзЗржХрзНрж╖ ржнрзВржорж┐ржХрж╛ ржкрж╛рж▓ржи ржХрж░рж╛ ржЙржЪрж┐ржд ржпрзЗржоржиржЯрж┐ ржжрзЗржЦрзЗржЫрж┐рж▓рж╛ржо рзз/рззрзз ржПрж░ рж╕ржоржпрж╝,1
ржЖрж╢рж╛ржХрж░рж┐ ржЖржжрж╛рж▓ржд ржкрж░рзАржоржирж┐рж░ ржкрзНрж░рждрж┐ рж╕ржжржпрж╝ рж╣ржмрзЗржи ржжрзЗрж╢рзЗрж░ ржмрж░рзЗржирзНржп рж╕рж╛ржВржмрж╛ржжрж┐ржХ ржУ рж╕рж╛ржВрж╕рзНржХрзГрждрж┐ржХ ржХрж░рзНржорзАржжрзЗрж░ ржЖржХрж╛ржЩрзНржХрзНрж╖рж╛ ржЖржжрж╛рж▓ржд ржмрзБржЭржмрзЗржи ржУ рж░рж╛рж╖рзНржЯрзНрж░ рж░тАМрзНржпрж╛ржм ржУ ржкрзБрж▓рж┐рж╢рзЗрж░ ржПржХржЬржи ржирж╛рж░рзАрж░ ржкрзНрж░рждрж┐ ржЕржирзНржпрж╛ржпрж╝ ржЖржжрж╛рж▓ржд ржорзЗржирзЗ ржирзЗржмрзЗ ржирж╛,1
ржХрж╛рж░ржУ┬а┬аржкрзНрж░рждрж┐рж╣рзАржВрж╕рж╛ ржкрзБрж░ржирзЗ  ржкрж░рж┐ржоржгрзАржХрзЗ ржирж┐ржпрж╝рзЗ рж░рж╛рж╖рзНржЯрзНрж░рзЗрж░ ржкрзНрж░рждрж┐рж╖рзНржарж╛ржи ржПржХ рж╣ржпрж╝рзЗ ржпрж╛ ржХрж░рж▓┬аржПржХржЯрж╛ ржмрж╛ржЬрзЗ ржжрзГрж╖рзНржЯрж╛ржирзНржд рж╣ржпрж╝рзЗ ржерж╛ржХрж▓┬а,1
ржнржпрж╝ржВржХрж░ ржорж╛ржлрж┐ржпрж╝рж╛┬аржЙржерж╛ржирзЗ┬а┬аржорж╛ржлрж┐ржпрж╝рж╛рж░┬аржЖржзрж┐ржкрждрзНржп┬аржЪрж▓ржЫрзЗ рж╢рж╛рж╕ржи ржХрзНрж╖ржорждрж╛ржпрж╝┬арж░рж╛ржЬржирзИрждрж┐ржХ ржХрзНрж╖ржорждрж╛ржпрж╝ рж╕рж╛ржорж╛ржЬрж┐ржХ ржХрзНрж╖ржорждрж╛ржпрж╝  ржкрж░рж┐ржоржгрж┐ рждрж╛рж░ рж╢рж┐ржХрж╛рж░  ржорж╛ржлрж┐ржпрж╝рж╛рж░рж╛ ржпржЦржи рж╕ржмржХрж┐ржЫрзБ ржирж┐ржпрж╝ржирзНрждрзНрж░ржи ржХрж░рзЗ рждржЦржи ржЖржЗржирзЗрж░ рж╕ржм ржзрж╛рж░рж╛┬аvoid┬арж╣ржпрж╝рзЗ ржпрж╛ржпрж╝┬а┬а┬арж╕ржм ржХрж┐ржЫрзБ┬а┬аржЪрж▓рзЗ рждржЦржиржорж╛ржлрж┐ржпрж╝рж╛рж░  ржЗржЪрзНржЫрж╛┬аржзрж╛рж░рж╛ржпрж╝ ,1
ржХрзЗржЙ ржмрж▓ржЫрзЗржи ржкрж░рзАржоржирж┐ ржирж┐рж░рзНржжрзЛрж╖ рждрзЛ ржХрзЗржЙ ржмрж▓ржЫрзЗржи ржжрзЛрж╖рзА ржХрж╛рж░рзЛ ржирж┐ржХржЯ ржмрж┐ржкрзБрж▓ ржкрж░рж┐ржорж╛ржг ржорж╛ржжржХ ржкрж╛ржУржпрж╝рж╛ ржЧрзЗрж▓рзЗ рждрж┐ржирж┐ ржХрзА ржжрзЛрж╖рзА ржирж╛ ржирж┐рж░рзНржжрзЛрж╖ ржкрж░рзАржоржирж┐рж░ ржкржЬрзЗрж╢ржирзЗ (POSSESSION) ржпрзЗ ржкрж░рж┐ржорж╛ржг ржЗржпрж╝рж╛ржмрж╛ ржкрж╛ржУржпрж╝рж╛ ржЧрзЗржЫрзЗ рждрж╛ ржХрзА рждрж╛ржБрж░ ржирж╛ржХрзА ржЗржоржкрзНрж▓рзНржпрж╛ржирзНржЯ ржХрж░рж╛ рж╣ржпрж╝рзЗржЫрзЗ () ржпржжрж┐ ржЗржоржкрзНрж▓рзНржпрж╛ржирзНржЯ ржХрж░рж╛ рж╣ржпрж╝рзЗ ржерзЗржХрзЗ ржерж╛ржХрзЗ рждржмрзЗ ржмрзБржЭрждрзЗржЗ ржкрж╛рж░рж╛ ржпрж╛ржпрж╝ ржжрзЗрж╢рзЗрж░ ржкрж░рж┐рж╕рзНржерж┐рждрж┐ ржХрзА ржнржпрж╝рж╛ржмрж╣() ржПржЗ ржнржпрж╝рж╛ржиржХ ржкрж░рж┐рж╕рзНржерж┐рждрж┐рж░ ржорж╛ржЭрзЗ ржЖржорж╛ржжрзЗрж░ ржирж┐ржЬрзЗржжрзЗрж░ ржЗржпрж╝рж╛ ржирж╛ржлрж╕рзА ржЗржпрж╝рж╛ ржиржлрж╕рзА ржЗржпрж╝рж╛-ржирж╛ржлрж╕рж┐ ржирж╛ ржХрж░рзЗ ржкрж░рзАржоржирж┐ ржХрзЗ ржирж┐ржпрж╝рзЗ ржнрж╛ржмрж╛рж░ ржлрзБрж░рж╕рзО ржХрж╛рж░ ржЖржЫрзЗ(),1
ржХрж┐ ржЕржмрж╕рзНржерж╛  ржХржпрж╝рзЗржХржЬржи ржмрзНржпржмрж╕рж╛ржпрж╝рзА ржжрзНржмрж╛рж░рж╛ ржзрж░рзНрж╖ржг ржЪрзЗрж╖рзНржЯрж╛рж░ рж╢рж┐ржХрж╛рж░ ржПржХржЬржи  ржкрж┐рждрзГ-ржорж╛рждрзГрж╣рзАржи рзирзо ржмржЫрж░рзЗрж░ ржирж╛рж░рзА рждрж╛рж░ ржмрж┐рж░рзБржжрзНржзрзЗ рж╣ржУржпрж╝рж╛ ржЕржирзНржпрж╛ржпрж╝рзЗрж░ ржкрзНрж░рждрж┐ржмрж╛ржж ржХрж░рж╛рж░ ржЬржирзНржп -  ржПржХржЯрж╛ ржЧрзЛржЯрж╛ рж░рж╛рж╖рзНржЯрзНрж░ ржПржХржЯрж╛ ржЧрзЛржЯрж╛ ржЬрж╛рждрж┐ рждрж╛ржХрзЗ ржЬржмрзНржж ржХрж░рж╛рж░ ржЬржирзНржп - ржкрзБрж▓рж┐рж╢ ржкрзНрж░рж╢рж╛рж╕ржи ржмрж┐ржЪрж╛рж░ржмрзНржпржмрж╕рзНржерж╛ржХрзЗ ржнрзБрж▓ ржкржерзЗ ржЪрж╛рж▓рж┐ржд ржХрж░рзЗ рж╕рж░рзНржмрж╢ржХрзНрждрж┐ ржкрзНрж░ржпрж╝рзЛржЧ ржХрж░ржЫрзЗ   ржнрж╛ржмрж╛ ржпрж╛ржпрж╝  ржПрж░рж╛ ржЖржмрж╛рж░ рждрж╛рж▓рж┐ржмрж╛ржирж┐ рж╢рж╛рж╕ржирзЗрж░ рж╕ржорж╛рж▓рзЛржЪржирж╛  ржХрж░рзЗ ,1
ржмрж╛ржВрж▓рж╛ржжрзЗрж╢ржЯрж╛ ржПржХржЯрж┐ ржмрзНржпржмрж╕рж╛ржпрж╝рзА ржЧрзЛрзНрж╖рзНржарзАрж░ рж╣рж╛рждрзЗ ржЬрж┐ржорзНржорж┐  ржкрзНрж░рж╢рж╛рж╕ржи ржЖржЗржи-рж╕рзГржЩржЦрж▓рж╛ ржмрж╛рж╣рж┐ржирзА  ржмрж┐ржЪрж╛рж░ рж╕ржмржЗ ржУржжрзЗрж░  ржирж╛ рж╣рж▓рзЗ ржирж╛ржЫрж┐рж░ рж╕рж╛рж╣рзЗржм ржЬрж╛ржорж┐ржи ржкрж╛ржи ржкрж░рзЗрж░ ржжрж┐ржи ржорж╛ржжржХ-ржоржж-ржирж╛рж░рзАржжрзЗрж░ рж╕рж╣ рж╣рж╛рждрзЗ ржирж╛рждрзЗ ржзрж░рж╛ ржкржбрж╝рзЗ ржЖрж░ ржкрж░рзАржоржирж┐ржХрзЗ ржирж┐ржпрж╝рзЗ ржХржд ржирж╛ржЯржХ ржХржд ржЯрж╛ржирж╛ржЯрж╛ржирж┐,1
PORIMONI MUST GET BAIL,1
ржЬрж╛ржорж┐ржи ржпрзЗржи ржирж╛ рж╣ржпрж╝,0
ржирж╛ржЫрж┐рж░ржЙржжрзНржжрзАржирзЗрж░ ржЬрж╛ржорж┐ржи рж╣рж▓рзЗ рждрж╛рж░ржУ ржЬрж╛ржорж┐ржи ржкрж╛ржУржпрж╝рж╛рж░ ржХржерж╛,1
ржмрзЗржЪрж╛рж░рж┐ ржЬрж╛ржорж┐ржи рж╣ржУржпрж╝рж╛ ржЙржЪрж┐ржд,1
ржЕржмрж╕ржЗ ржкрж░рж┐ржоржирж┐рж░ ржЬрж╛ржорж┐ржирзЗрж░ ржЬржирзНржп ржкрзНрж░ржпрж╝рзЛржЬржиржХрж╛рж░ржг рждрж╛рж░ ржжрзЛрж╖ ржиржЗрждрж╛ржХрзЗ ржжрж┐ржпрж╝рзЗ ржХржпрж╝рзЗржХ ржЬржи ржмрзНржпржмрж╕рж╛ ржХрж░ржЫрзЗржкрж░рж┐ржоржирж┐ ржЬрж╛ржорж┐ржи ржЪрж╛ржЗ ржЬрж╛ржорж┐ржи ржЪрж╛ржЗ ржЬрж╛ржорж┐ржи ржЪрж╛ржЗржжрж┐рждрзЗ рж╣ржмрзЗ ржжрж┐рждрзЗ рж╣ржмрзЗ,1
ржХрзА рж╕рзБржирзНржжрж░ ржЖржпрж╝рзЛржЬржи ржЖржорж░рж╛ ржЕржкрзЗржХрзНрж╖рж╛ ржХрж░ржЫрж┐ ржирж╛ржЯржХрзЗрж░ ржкрж░рж┐рж╕ржорж╛ржкрзНрждрж┐рж░ ржЖрж╕рж▓ рж╕рждрзНржп ржЬрж╛ржирж╛рж░ ржЬржирзНржп ржЖрж░ ржХржд рж╕ржоржпрж╝ ржкрзНрж░ржпрж╝рзЛржЬржи ,1
ржирж┐рж░рж╛ржкржж рж╕ржбрж╝ржХ ржЪрж╛ржЗ ржЖржирзНржжрзЛрж▓ржирзЗрж░ рж╕ржоржпрж╝ ржЧрзНрж░рзЗржкрзНрждрж╛рж░ ржиржУрж╢рж╛ржмрж╛ ржЬрж╛ржорж┐ржи ржкрж╛ржмрж╛рж░ ржЬржирзНржп ржпрзЗ ржкржирзНржерж╛ ржЕржирзБрж╕рж░ржг ржХрж░рзЗржЫрж┐рж▓ржкрж░рзАржоржирж┐ржХрзЗ рж╕рзЗржЗ ржПржХржЗ ржкржирзНржерж╛ ржЕржирзБрж╕рж░ржг ржХрж░рждрзЗ рж╣ржмрзЗ,1
ржПрж╕ржкрж┐рж░ ржорж╛ржи-рж╕ржорзНржорж╛ржи ржмрж▓рзЗ ржХржерж╛,1
ржорж╛ржорзБржирзБрж▓ рж╕рж╛рж╣рзЗржмрзЗрж░ ржЬржирзНржп рж░рж┐ржЯ ржХрж░рж╛ рж╣ржпрж╝ржирж┐ ржХрзЗржи рж╕рзЗржЦрж╛ржирзЗ ржмрзНржпржХрзНрждрж┐ржЧржд ржЧрзЛржкржирзАржпрж╝рждрж╛рж░ ржмрж┐рж╖ржпрж╝ ржЖрж╕рзЗ ржирж╛ ржХрзЗржи,1
ржмрж┐ржнрж┐ржирзНржи ржЕржирж▓рж╛ржЗржи ржорж╛ржзрзНржпржорзЗ ржЯрж╛ржХрж╛ рж░рзЛржЬржЧрж╛рж░рзЗрж░ ржПржХржЯрж╛ ржЙржкрж╛ржпрж╝ рж╣ржЪрзНржЫрзЗ ржПржЗрж╕ржм ржХржирзНржЯрзЗржирзНржЯ ржорж╛ржирзБрж╖ ржПржЗрж╕ржм ржжрзЗржЦрзЗ ржЖржиржирзНржж ржкрж╛ржпрж╝ рждрж╛ржЗ ржмрзЗрж╢рж┐ ржмрзЗрж╢рж┐ ржжрзЗржЦрзЗ рж╕рждрзНржпржХрзЗ ржорж┐ржерзНржпрж╛ ржЖрж░ ржорж┐ржерзНржпрж╛ржХрзЗ рж╕рждрзНржп ржЬрж╛ржирзЗ ржПржЧрзБрж▓рзЛ ржмржирзНржз рж╣ржУржпрж╝рж╛ ржЙржЪрж┐ржд ржЦрзБржм рж╢рж┐ржЧржЧрж┐рж░рж┐ ржнрж╛ржмрждрзЗ ржЕржмрж╛ржХ рж▓рж╛ржЧрзЗ ржмрж╛ржВрж▓рж╛ржжрзЗрж╢ ржерзЗржХрзЗ ржХрзЛржнрж┐ржб-рззрзп ржЯрж┐ржХрж╛рж░ ржЕржкржкрзНрж░ржЪрж╛рж░ рж╣ржпрж╝рзЗржЫрзЗ рж╕ржмржЪрзЗржпрж╝рзЗ ржмрзЗрж╢рж┐,0
tahole toh chorkhuni tarao ki ay undare porbe khun korar por kew jodi tar kono vedio ba photo samajik jogajog maddome prokash kore tahole ki sei khuni bolte parbe j tar mansonman khunno hoese,1
ржжрж╛ржБржбрж╝рж┐ ржЯрзБржкрж┐ ржУрж▓рж╛ ржХрж╛рж░ржУ ржмрзЗрж▓рж╛ржпрж╝ рждрзЛ ржПрж░ржХржо рж░рж┐ржЯ рж╣рждрзЗ ржжрзЗржЦрж▓рж╛ржо ржирж╛,1
ржорж╛ржирж╕ржорзНржорж╛ржи рж╢рзБржзрзБ ржПржжрзЗрж░ ржЖржЫрзЗ ржПрж░ ржЖржЧрзЗржУ ржмрж╣рзБ ржирж┐ржорзНржи ржоржзрзНржпржмрж┐рждрзНржд ржкрж░рж┐ржмрж╛рж░рзЗрж░ ржЫржмрж┐ ржнрж╛ржЗрж░рж╛рж▓ рж╣ржпрж╝рзЗржЫрж┐рж▓ рждржЦржи ржЖржЗржиржЬрзАржмрзА ржХрж┐ ржХрж░ржЫрж┐рж▓рзЗржи ржЕржкрж░рж╛ржзрзАрж░ ржЖржмрж╛рж░ ржирж╛рж░рзА ржкрзБрж░рзБрж╖ ржмрж▓рзЗ ржХрж┐ржЫрзБ ржЖржЫрзЗ,1
рждрж╛рж╣рж▓рзЗ рждрзЛ ржЕржкрж░рж╛ржзрзА ржмрзНржпржХрзНрждрж┐ржжрзЗрж░ ржХрзЛржи ржЫржмрж┐ ржШржЯржирж╛ ржирж╛ржо ржзрж╛ржо ржХрж┐ржЫрзБржЗ рж╕ржВржмрж╛ржжржорж╛ржзрзНржпржо ржУ ржкрзНрж░ржЪрж╛рж░ ржорж╛ржзрзНржпржорзЗ ржкрзНрж░ржЪрж╛рж░ ржХрж░рж╛ ржпрж╛ржмрзЗ ржирж╛ l рж╕рж╛ржорж╛ржЬрж┐ржХ  ржпрзЛржЧрж╛ржпрзЛржЧ ржорж╛ржзрзНржпржорзЗ ржкрзНрж░ржЪрж╛рж░ рж╣рж▓рзЗ ржпрзЗ( ржкрзНрж░ржЪрж╛рж░ржХрж╛рж░рзА ) ржХрзЗржЙ ржЖржЗрж╕рж┐ржЯрж┐ ржорж╛ржорж▓рж╛ржпрж╝ ржЬржбрж╝рж┐ржпрж╝рзЗ ржкржбрж╝ржмрзЗ l ржЕржкрж░рж╛ржзрзАржжрзЗрж░ (  ржЪрзЛрж░ ржзрж░рзНрж╖ржХ ржШрзБрж╖ржЦрзЛрж░ ржоржжрзНржпржк ржЪрзЛрж░рж╛ржХрж╛рж░ржмрж╛рж░рж┐ ржбрзНрж░рж╛ржЧ ржбрж┐рж▓рж╛рж░)ржмрзНржпржХрзНрждрж┐ржЧржд рждржерзНржп ржЧрзЛржкржи ржХрж░рж╛рж░ ржЬржирзНржп ржПржд ржмрзЗрж╢рж┐ ржЖржмржжрж╛рж░ ржХрзЗржи  ржПржЗрж╕ржм ржХрзНрж░рж┐ржорж┐ржирж╛рж▓ржжрзЗрж░ ржзрж░рж╛ ржкржбрж╝рж╛рж░ ржЖржЧрзЗ рждрж╛ржжрзЗрж░ ржмрзНржпржХрзНрждрж┐ржЧржд ржорж╛ржи-рж╕ржорзНржорж╛ржирзЗрж░ ржХржерж╛ ржХрзЗржи ржЖржЧрзЗ ржоржирзЗ ржкрж░рзЗ ржирж╛ ,1
ржХрж┐ржЫрзБ ржирж╛ ржХрж┐ржЫрзБ ржХрж░рзЗ рж▓рж╛ржЗржорж▓рж╛ржЗржЯрзЗ ржЖрж╕рж╛рж░ ржЬржирзНржп ржХрж┐ ржорж░рж┐ржпрж╝рж╛ ржПржХржжрж▓ ржЖржЗржиржЬрзАржмрзА ЁЯдг ржЖржХрж╛ржЬрзЗрж░ ржХрж╛ржЬ ржЫрж╛ржбрж╝рж╛ ржЖрж░ ржХрж┐ржЗржмрж╛ ржХрж░рж╛рж░ ржЖржЫрзЗ ржмрзЗржЪрж╛рж░рж╛ржжрзЗрж░ ржЖржХрж╛ржо ржХрж░рж▓рзЗржЗ рждрзЛ ржЖржХрж╛ржорзЗрж░ ржнрж┐ржбрж┐ржУ ржнрж╛ржЗрж░рж╛рж▓ рж╣ржпрж╝ рждрж╛ржЗ ржирж╛ ржПржжрзЗрж░ ржХрзЛржи ржнрж┐ржбрж┐ржУржЗ рждрзЛ ржиржХрж▓ ржнрж┐ржбрж┐ржУ ржмрж▓рзЗ рждрж╛рж░рж╛ ржЕрж╕рзНржмрзАржХрж╛рж░ ржХрж░рзЗржирж┐ ржЕрж╕рж╛ржорж╛ржЬрж┐ржХ ржХрж╛ржЬ ржХрж░ржмрж╛ ржЖржмрж╛рж░ ржирж╛рж░рзА ржмрж▓рзЗ рж╕ржмрж╕ржоржпрж╝ ржкрж╛рж░ ржкрзЗржпрж╝рзЗ ржпрж╛ржмрж╛ рж╕рзЗржЯрж╛ рждрзЛ рж╣рждрзЗ ржкрж╛рж░рзЗржирж╛,0
ржПржЗ рж╕ржм ржнрж┐ржбрж┐ржУ ржХрж╛рж░рж╛ ржкрзНрж░ржХрж╛рж╢ ржХрж░рзЗржЫрзЗ рждрж╛ржжрзЗрж░ ржЖржЧрзЗ ржзрж░рзЗ рж╢рж╛рж╕рзНрждрж┐ ржжрж┐ржи,1
рж╕рж╣ржоржд ржЖрж╕рж▓ рж░рж┐ржЯ рждрзЛ ржПржжрзЗрж░ ржмрж┐рж░рзБржжрзНржзрзЗ ржХрж░рж╛ ржЙржЪрж┐рзО ржнрж╛ржЗрж░рж╛рж▓ рж╣рждрзЗ ржпржд ржлржирзНржжрж┐,1
рж╕рж╣ржоржд ржЖрж╕рж▓ рж░рж┐ржЯ рждрзЛ ржПржжрзЗрж░ ржмрж┐рж░рзБржжрзНржзрзЗ ржХрж░рж╛ ржЙржЪрж┐рзО ржнрж╛ржЗрж░рж╛рж▓ рж╣рждрзЗ ржпржд ржлржирзНржжрж┐,1
ржУржирж╛рж░рж╛ ржнрж╛ржЗрж░рж╛рж▓ рж╣рждрзЗ ржПрж╕ржм ржХрж░рзЗржЫрзЗржи ржкрж╛рж░рж▓рзЗ ржкрж░рж┐ржоржирж┐рж░ ржлрзЗрж╕ржмрзБржХ ржкрзНрж░ржлрж╛ржЗрж▓ ржерзЗржХрзЗ ржШрзБрж░рзЗ ржЖрж╕рзБржи,0
рж╢рж┐рж▓рзНржкрзА рж╕ржорж┐рждрж┐рж░ ржмрж░рзНрждржорж╛ржи ржкрж░рж┐рж╖ржж рж╕рж┐ржирзЗржорж╛рж░ ржоржд ржорж╛рж╕рзНрждрж╛ржи рждрж╛рж░рж╛ рж╕рж┐ржирж┐ржпрж╝рж╛рж░ржжрзЗрж░ рж╕ржорзНржорж╛ржи ржХрж░рждрзЗ ржЬрж╛ржирзЗ ржирж╛,1
рждрж╛рж╣рж▓рзЗ рж╕рж┐ржирж┐ржпрж╝рж░ рж╢рж┐рж▓рзНржкрзАржжрзЗрж░ ржирж╛ржо ржЬржбрж╝рж╛ржЪрзНржЫрзЗржи ржХрзЗржи ржПржЗ ржкрзНрж░рж╢рзНржирзЗрж░ ржХрзЛржирзЛ рж╕ржжрзБрждрзНрждрж░ рждрж╛ржБрж░ ржХрж╛ржЫ ржерзЗржХрзЗ ржкрж╛ржУржпрж╝рж╛ ржпрж╛ржпрж╝ржирж┐-------------- ржХрж╛рж░ржи ржЙржирж┐ рж╕рзНрж░рзЛрждрзЗрж░ ржЯрж╛ржирзЗ ржнрзЗрж╕рзЗ ржпрж╛ржЪрзНржЫрж┐рж▓рзЗржи  ржжрзЗржЦржЫрж┐рж▓рзЗржи ржпрзЗ ржкрж░рзАржХрзЗ ржкрзБрж▓рж┐рж╢ ржмрж╛рж░ ржмрж╛рж░ рж╕ржирзНржерзНрж░рж╛рж╕рж┐ржжрзЗрж░ ржорждрзЛ ржЯрж╛ржирж╛ рж╣рзЗржЪржбрж╝рж╛ ржХрж░ржЫрзЗ  ржжрж╛ржЧрзА ржЖрж╕рж╛ржорзАржжрзЗрж░ ржорждрзЛ ржмрж╛рж░ржмрж╛рж░ ржУржХрзЗ рж░рж┐ржорж╛ржирзНржбрзЗ ржирзЗржпрж╝рж╛ рж╣ржЪрзНржЫрзЗ  ржЖржжрж╛рж▓ржд ржЬрж╛ржорж┐ржи рж╢рзБржирж╛ржирзАрждрзЗ рж╕ржоржпрж╝ ржХрзНрж╖рзЗржк ржХрж░ржЫрзЗ  ржПрж╕ржм ржжрзЗржЦрзЗ рж╢рзБржирзЗ ржЙржирж┐ рждрж╛ржбрж╝рж╛рждрж╛ржбрж╝рж┐ ржУрж░ ржХрж░рзНржо ржкржирзНржерж╛ ржарж┐ржХ ржХрж░рзЗ ржлрзЗрж▓рзЗржЫрж┐рж▓рзЗржи  рж╕рж┐ржирж┐ржУрж░ржжрзЗрж░ ржирж╛ржо ржЬржбрж╝рж┐ржпрж╝рзЗ ржмрж╛ржирзЛржпрж╝рж╛ржЯ ржПржХржЯрж╛ ржмрж┐ржмрзГрждрж┐ ржкрзНрж░ржЪрж╛рж░ ржХрж░рзЗ ржжрж┐ржпрж╝рзЗржЫрж┐рж▓рзЗржи  ржХржмрж┐ржЧрзБрж░рзБ рж░ржмрж┐ржирзНржжрзНрж░ржирж╛рже ржЕржирзЗржХ ржжрж┐ржи ржЖржЧрзЗ ржПрж░ржХржо ржкрж░рж┐рж╕рзНржерж┐рждрж┐  рждрзЗ рж▓рж┐ржЦрзЗржЫрж┐рж▓рзЗржиржпржжрж┐┬а┬аржЭржбрж╝рзЗрж░ ржорзЗржШрзЗрж░ ржорждрзЛ ржЖржорж┐ ржзрж╛ржЗ ржЪржЮрзНржЪрж▓-ржЕржирзНрждрж░  рждржмрзЗ┬а┬а┬а┬аржжржпрж╝рж╛ ржХрзЛрж░рзЛ рж╣рзЗ ржжржпрж╝рж╛ ржХрзЛрж░рзЛ рж╣рзЗ ржжржпрж╝рж╛ ржХрзЛрж░рзЛ рж╣рзЗ ржИрж╢рзНржмрж░,0
рж╢рж┐рж▓рзНржкрзАрж░рж╛ ржЬрж╛рждрж┐рж░ ржмрж┐ржмрзЗржХ ржПржХржЯрж┐ ржорзЗржпрж╝рзЗрж░ ржкрзНрж░рждрж┐ ржЕржирзНржпрж╛ржпрж╝ ржХрж░рж╛ рж╣ржЪрзНржЫрзЗ рждрж╛ ржЖржкржирж╛рж░рж╛ ржЪрзЗржпрж╝рзЗ ржЪрзЗржпрж╝рзЗ ржжрзЗржЦржмрзЗржи ржорзЗржпрж╝рзЗржЯрж┐ рж╢рж┐рж▓рзНржкрзА рж╕рзЗ ржХрж╛рж░ржУ ржХрзНрж╖рждрж┐ ржХрж░рзЗржирж┐ ржпрж╛рж░ ржЬржирзНржп рждрж╛ржХрзЗ ржЧрзНрж░рзЗржлрждрж╛рж░ ржХрж░рзЗржирж┐ ржкрзБрж▓рж┐рж╢  рж░рж╛рж╖рзНржЯрзНрж░ ржирж┐ржЬрзЗ рждрж╛рж░ ржкрзНрж░рждрж┐ ржЕржирзНржпрж╛ржпрж╝ ржХрж░рзЗ ржЪрж▓рзЗржЫрзЗ ржмрж╛ржирж╛ржирзЛ ржЕржнрж┐ржпрзЛржЧрзЗ рждрж╛ржХрзЗ ржЬрзЗрж▓рзЗ рж░рзЗржЦрзЗржЫрзЗ,1
рж╢рж┐рж▓рзНржкрзА рж╕ржорж┐рждрж┐рж░ ржкрзНрж░рждрж┐ржЯрж┐ рж╕ржжрж╕рзНржп ржХрзЗ ржпрзЗржХрзЛржирзЛ ржкрж░рж┐рж╕рзНржерж┐рждрж┐рждрзЗ рждрж╛ржжрзЗрж░ ржкрзНрж░рждрж┐ржЯрж┐ рж╕ржжрж╕рзНржпрзЗрж░ ржмрж┐ржкржж ржЖржкржжрзЗ рж╕ржмрж╛рж░ ржЖржЧрзЗ рждрж╛рж░ ржкрж╛рж╢рзЗ ржжрж╛ржбрж╝рж╛ржирзЛ ржЙржЪрж┐рзО ржХрж╛рж░ржи ржПржХрждрж╛ржЗ ржмрж▓,1
MISA SOWDAGAR IS A VERY SENIOR SHILPI HOW HE/ HIS COMMITTEE CAN TAKE  A ADVERSE DECISSION  AGAINST HIS COLEGQUE  PORIMONI WHERE NO CHARGES WERE LODGE AGAINST HER,1
RIP Bangladeshi film industry You wont be missed,1
Namei shomitiekekjon er ekek katha,1
рж╕ржоржпрж╝ржЯрж╛ ржПржоржи ржпрзЗ ржХрзЗржЙ ржмрж┐ржкржжрзЗ ржкржбрж╝рж▓рзЗ рждрж╛ржХрзЗржЗ ржмрж╛рж╢ ржжрж╛ржУ ржЖржЗржирзЗрж░ ржЧрждрж┐ ржжрзЗржЦрж┐ржпрж╝рзЗ ржкрж╛рж╢ ржХрж╛ржЯрж┐ржпрж╝рзЗ рждрж╛ржХрзЗ ржмрзЗрж╢рж┐ ржХрж░рзЗ ржмрж╛рж╢ ржжрж╛ржУ ржпрзЗржи ржирж┐ржЬрзЗрж░ ржЙржкрж░ ржмрж╛рж╢ ржирж╛ ржЖрж╕рзЗржПржХрзЗ ржЕржкрж░рзЗрж░ ржмрж┐ржкржжрзЗ ржкрж╛рж╢рзЗ ржирж╛ ржерзЗржХрзЗ ржмрж╛рж╢ ржирж┐ржпрж╝рзЗ рж░рзЗржбрж┐ ржЖржкржирж┐ ржмрж┐ржкржжрзЗ ржкржбрж╝рж▓рзЗ ржХрзЗржЙ ржкрж╛рж╢рзЗ ржерж╛ржХржмрзЗ ржирж╛,1
Khalifa Zayed Al nahiyan  bin FDC seems a great lair,1
рж╢рж┐рж▓рзНржкрзА рж╕ржорж┐рждрж┐рж░ рж╕ржжрж╕рзНржп рж╣рждрзЗржЗ рж╣ржмрзЗ ржПржоржи ржХрзЛржи ржЖржЗржи ржирзЗржЗ ржнрж┐ржирзНржи ржЖрж░рзЗржХржЯрж┐ рж╢рж┐рж▓рзНржкрзА рж╕ржорж┐рждрж┐ ржЧржаржи ржХрж░рж▓рзЗ рж╕ржорж╕рзНржпрж╛ рж╣ржмрзЗ ржХрж┐ ржПржХржХ ржЖржзрж┐ржкрждрзНржп ржнрзЗржЩрзНржЧрзЗ ржжрзЗржпрж╝рж╛ рж╣рж▓,1
рж╕ржорж┐рждрж┐рж░ рж╕ржнрзНржпрждрж╛ рж╕ржВрж╕рзНржХрзГрждрж┐ ржирзЗржЗ ржЖржЫрзЗ ржжрзЛрж╖рж╛рж░рзЛржк ржПрж░ рж╣рж╛ ржбрзБ ржбрзБ ржЦрзЗрж▓рж╛,0
ржмрж╛ржВрж▓рж╛ржжрзЗрж╢рзЗрж░ ржПржлржбрж┐рж╕рж┐рж░ ржоржзрзНржпрзЗ ржХрзЛржи ржПржХрждрж╛ ржжрзЗржЦрж┐ ржирж╛ржПржХрзЗ ржЕржкрж░ржХрзЗ ржХржЦржирзЛ рж╕ржорзНржорж╛ржи ржжрж┐рждрзЗ ржжрзЗржЦрж┐ ржирж╛,1
ржПржлржбрж┐рж╕рж┐ ржЪрж┐рж░рждрж░рзЗ ржмржирзНржз ржХрж░рзЗ ржжрж┐ржпрж╝рзЗ ржПрж░ ржнрж┐рждрж░рзЗ ржЧрж░рзБ ржЫрж╛ржЧрж▓ ржорзБрж░ржЧрж┐рж░ ржЦрж╛ржорж╛рж░  рж╢рзБрж░рзБ ржХрж░рж▓рзЗ рж╕рж░ржХрж╛рж░ ржкрзНрж░рждрж┐ ржорж╛рж╕рзЗ ржнрж╛рж▓рзЛ ржЯрж╛ржХрж╛ ржЖржпрж╝ ржХрж░рждрзЗ ржкрж╛рж░ржмрзЗ,0
ржЗржирзНржЯрж╛рж░ржнрж┐ржЙржпрж╝рзЗрж░ ржПржирзНржбрж┐ржВржЯрж╛ рж╕рзЗржЗ ржЫрж┐рж▓ ржнрж╛ржЗ ржП рж╕ржм ржЕржнрж┐ржирзЗрждрж╛ржжрзЗрж░ ржпрзЗрж╣рзЗрждрзБ ржПржЦржи ржЖрж░ ржжрж╛ржо ржирж╛ржЗ рждрж╛ржЗ рждрж╛рж░рж╛ ржПржЦржи ржПржлржбрж┐рж╕рж┐рж░ ржоржд ржПржХржЯрж╛ ржЕрж░рж╛ржЬржирзИрждрж┐ржХ ржЬрж╛ржпрж╝ржЧрж╛ржпрж╝ржУ рж░рж╛ржЬржирзАрждрж┐ ржХрж░ржЫрзЗ ржЖрж╕рж▓рзЗржЗ ржПржжрзЗрж░ ржХрзЛржирзЛржжрж┐ржи рж╢рж┐ржХрзНрж╖рж╛ рж╣ржмрзЗ ржирж╛ ржП ржХрж╛рж░ржирзЗржЗ рждрзЛ ржЕрзНржпржнрзЗржЮрзНржЬрж╛рж░рзНрж╕: ржПржирзНржбржЧрзЗржо ржорзБржнрж┐рж░ ржкрзНрж░рж┐ржорж┐ржпрж╝рж╛рж░рзЗ ржЫрж┐рж▓ ржЙржкржЪрзЗ ржкржбрж╝рж╛ ржнрзАржбрж╝ ржЖрж░ рж╕рзЗржЗ ржПржХржЗ рж╕ржоржпрж╝рзЗ рж░рж┐рж▓рж┐ржЬ ржжрзЗржпрж╝рж╛ рж╢рж╛ржХрж┐ржм ржЦрж╛ржирзЗрж░ ржЫржмрж┐рждрзЗ ржоржирзЗ рж╣ржпрж╝ ржирж╛ ржкрж░рж┐ржЪрж╛рж▓ржХ ржмрж╛ ржкрзНрж░ржпрзЛржЬржХржУ рж╣рж▓рзЗ ржЙржкрж╕рзНржерж┐ржд ржЫрж┐рж▓рзЗржи,0
Wait a bit,1
ржмрж┐ржЪрж╛рж░рзЗ  ржжрзЛрж╖рзА рж╕рж┐ржжрзНржзрж╛ржирзНржд ржирж╛ ржЖрж╕рж╛рж░ ржЖржЧрзЗ рж╕рж┐ржжрзНржзрж╛ржирзНржд ржирзЗржпрж╝рж╛ ржЕрж╢рж┐ржХрзНрж╖рж┐рждрзЗрж░ ржжрзГрж╖рзНржЯрж╛ржирзНржд ,1
ржкрж░рзАржоржирж┐рж░ ржмрзНржпрж╛ржкрж╛рж░ржЯрж╛ ржЕржирзНржпрж░ржХржо рж╕рзЗ ржорж╛ржжржХ рж╕рж╣ рж╣рж╛рждрзЗржирж╛рждрзЗ ржзрж░рж╛ ржкржбрж╝рзЗржЫрзЗ,1
ржЖрж░ ржХржд ржЪрзНржпрж╛рж▓рж╛ржорж┐ ржХрж░ржмрзЗржи ржорж┐рж╢рж╛ ржнрж╛ржЗ,0
рж╕ржмрж╛ржЗ ржнрж╛рж▓ ржпрждржХрзНрж╖ржг  ржирж╛ ржзрж░рж╛ ржкрж░рзЗ  ржХрж┐ржЫрзБ рж▓рзЛржХ  ржЕржкрж░рж╛ржзрзАрж░ ржкржХрзНрж╖рзЗ рж╕рж╛ржлрж╛ржЗ  ржЧрж╛ржпрж╝ рждрж╛рж░( ржкрж░рзА) ржХрж╛ржЫрзЗ  ржнрж╛рж▓ ржерж╛ржХрж╛рж░ ржЬржирзНржп  ржЕржкрж░рж╛ржз  ржХрж░рж╛рж░ ржЖржЧрзЗ ржХрзЗржи  ржЕржкрж░рж╛ржзрзА  ржХрзЗ  рж╕рждрж░рзНржХ  ржХрж░рзЗ ржирж╛ ,0
We are Argentinean,1
Porimonir okality korte ashchen ukil shaheb ,0
ржкрж░рзАржоржирж┐рж░ ржоржд ржнрж╛рж▓рзЛ ржЧрзБржи рж╕ржмрж╛рж░ ржерж╛ржХрзЗ ржирж╛ рждрж╛ржБрж░ ржмрзНржпржХрзНрждрж┐ ржЬрзАржмржи рждрж╛ржБрж░ ржирж┐ржЬрзЗрж░ ржорж╛ржирзБрж╖ рж╣рж┐рж╕рзЗржмрзЗ ржЧрзБржирж╛ржЧрзБржи ржерж╛ржХржмрзЗржЗ ржХрж┐ржирзНрждрзБ рж╖ржбрж╝ржпржирзНрждрзНрж░ ржХрж░рзЗ рждрж╛ржБржХрзЗ ржирж┐рж╖рзНржкрзЗрж╖ржи ржорж╛ржирж╛ ржпрж╛ржпрж╝ ржирж╛,1
Is he a newcomer I never heard his name who is giving opinion about Porimoni,0
ржЖржорж╛ржжрзЗрж░ ржжрзЗрж╢рзЗрж░ рж╕рж┐ржирзЗржорж╛ рж╢рж┐рж▓рзНржк ржХрзЗржи ржЖржЬ ржзрзНржмржВрж╕ рж╣ржпрж╝рзЗ ржЧрж┐ржпрж╝рзЗржЫрзЗ рж╕рзЗржЯрж╛ ржмрзБржЭрждрзЗ ржЕржирзЗржХ ржмрзБржжрзНржзрж┐ржорж╛ржи рж╣ржУрж╛ рж▓рж╛ржЧрзЗ ржирж╛  ржПржЗ рж░ржХржо ржлрж╛рж▓рждрзБ ржкрзЛрж▓рж╛ржкрж╛ржЗржи ржпрж╛рж░рж╛ ржХрж┐ржирж╛ ржЕржнрж┐ржиржпрж╝рзЗрж░ ржЕ ржУ ржкрж╛рж░рзЗ ржирж╛ ржЖржмрж╛рж░ ржирж╛ ржЖржЫрзЗ ржнрж╛рж▓ рж╢рж╛рж░рж┐рж░рж┐ржХ ржлрж┐ржЯржирзЗрж╕ ржПржЗ рж╕ржм ржЖржЯрж╛ржирж╛ ржЪрж╛рж░рж╛ржирж╛ ржкрзЛрж▓рж╛ржкрж╛ржиржжрзЗрж░ржХрзЗ ржЖржорж╛ржжрзЗрж░ ржжрзЗрж╢рзЗрж░ рж╕рж╕рзНрждрж╛ ржорж┐ржбрж┐ржпрж╝рж╛рж░ ржЬржирзНржп ржУрж░рж╛ рж╕рж┐ржирзЗржорж╛рждрзЗ ржХрж╛ржЬ ржХрж░рж╛рж░ рж╕рзБржпрзЛржЧ ржкрж╛ржпрж╝ ржПржЗ ржЫрзЗрж▓рзЗ ржХрж┐ ржХрзЛржирзЛ ржжрж┐ржи ржерж┐ржпрж╝рзЗржЯрж╛рж░рзЗ ржмрж╛ ржоржЮрзНржЪрзЗ ржЕржнрж┐ржиржпрж╝ ржХрж░рзЗржЫрзЗ ржорж┐ржбрж┐ржпрж╝рж╛ рж░рж┐рж▓рзЗржЯрзЗржб ржХрж┐ржЫрзБрж░ рж╕рж╛ржерзЗ ржУ ржХрж┐ ржпрзБржХрзНржд ржЫрж┐рж▓ ржУ ржХрж┐ ржмрж┐рж░рж╛ржЯ рж╕рзБржжрж░рзНрж╢ржи ржХрж┐ржЫрзБржЗ ржирж╛ ржХрж┐ржирзНрждрзБ рждрж╛рж░ ржоржд ржПржХржЬржи рж▓рзЛржХ рж╕рж┐ржирзЗржорж╛рж░ ржкрзНрж░ржзрж╛ржи ржЪрж░рж┐рждрзНрж░ ржХрж░рзЗ рждрж╛рж╣рж▓рзЗ рж╕рж┐ржирзЗржорж╛ ржзржВрж╕ рж╣ржмрзЗ ржирж╛ рждрзЛ ржХрж┐  ржЖрж░ ржкрж░рж┐ржоржирж┐ ржХрж┐ ржПржХржЬржиржХрзЗ рж╕рж╛рж╣рж╛ржпрзНржп ржХрж░рж▓рзЗржЗ ржнрж╛рж▓ ржорж╛ржирзБрж╖ рж╣ржпрж╝рзЗ ржпрж╛ржпрж╝,0
Nice couple,1
Nice couple,1
ржкрж░рж┐ржоржирж┐ ржХрзЗ рж╕рж╛рж░рзНржкрзЛржЯ ржХрж░рж╛ржпрж╝ ржЖржкржирж╛ржХрзЗ ржмржпрж╝ржХржЯ ржХрж░рж▓рж╛ржо,0
He is already well known for his various roles in Bengali TV dramas Later In 2018 he joined┬а┬а,1
ржорж┐рж╢рж╛ ржнрж┐рж▓рзЗржирзЗрж░ ржорждрзЛржЗ ржЖржЪрж░ржг ржХрж░ржЫрзЗрз╖,0
ржЗрж▓рж┐ржпрж╝рж╛рж╕	ржХрж╛ржЮрзНржЪржи рж╕рж╛рж╣рзЗржм ржПржХржЬржи ржЧрзБржирж┐ ржЕржнрж┐ржирзЗрждрж╛ ржПржмржВ ржПржХржЬржи ржмрж┐ржЪржХрзНрж╖ржи ржмрзНржпржХрзНрждрж┐ржУ рждрж┐ржирж┐ ржпрзЗржЯрж╛ ржмрж▓рзЗржЫрзЗржи ржнрзЗржмрзЗ ржЪрж┐ржирзНрждрзЗржЗ ржмрж▓рзЗржЫрзЗржи рж╕рж╣ржоржд  ,1
Wrong decision,1
Pori moni master planner der shikar matro,1
ржЕржнрж┐ржпрзЛржЧ ржЖрж╕рж▓рзЗржЗрждрзЛ рж╕рзНржержЧрж┐рждрзЗрж░ ржХржерж╛ ржЪрж▓рзЗ ржЖрж╕рзЗ ржпржжрж┐ ржЕржнрж┐ржпрзЛржЧ ржкрзНрж░ржорж╛ржгрж┐ржд рж╣ржпрж╝ рждрж╛рж╣рж▓рзЗ рждрзЛ ржЪрзВржбрж╝рж╛ржирзНрждржнрж╛ржмрзЗ ржмрж░ржЦрж╛рж╕рзНржд,1
ржЖржорж┐ ржмрж▓рзЗржЫрж┐ ржПржЗ рж╕рзНржержЧрж┐рждржЗтАУржмрж╛ ржХрзЗржи ржХрж░ржмрж╛ рж╕рзНржержЧрж┐ржд ржХрж░рж╛ржЯрж╛ ржарж┐ржХ рж╣ржмрзЗ ржирж╛ рж╕рзНржержЧрж┐рждрзЗрж░ ржмрж┐рж╖ржпрж╝рзЗ ржЖржорж╛рж░ ржоржд ржирзЗржУржпрж╝рж╛ рж╣ржпрж╝ржирж┐,1
ржЬрж╛ржпрж╝рзЗржж ржЦрж╛ржи рж╢рж┐рж▓рзНржкрзА рждрж╛ржжрзЗрж░ ржЖржмрж╛рж░ рж╕ржорж┐рждрж┐ рж╣рж╛рж╣рж╛рж╣рж╛ ржкрж╛рж╢рзЗрж░ ржжрзЗрж╢рзЗрж░ ржирж╛ржпрж╝ржХ ржирж╛ржпрж╝рж┐ржХрж╛ржжрзЗрж░ ржлрзЗрж╕ржмрзБржХ ржЗржирзНрж╕ржЯрж╛ржЧрзНрж░рж╛ржо ржПржХрж╛ржЙржирзНржЯрзЗржУ ржЖржХрж╛рж╢ ржкрж╛рждрж╛рж▓ рждржлрж╛рзОржЖржУржпрж╝рж╛ржорж┐рж▓рзАржЧ ржПрж░ ржЧрзБрж░рзБрждрзНржмржкрзВрж░рзНржг ржмрзНржпрж╛ржХрзНрждрж┐ржжрзЗрж░ рж╢рзБржнрзЗржЪрзНржЫрж╛ ржЬрж╛ржирж╛ржирзЛржкрзБрж▓рж┐рж╢ржжрзЗрж░ рж╢рзБржнрзЗржЪрзНржЫрж╛ ржЬрж╛ржирж╛ржирзЛржЕржнрж┐ржиржирзНржжржи ржЬрж╛ржирж┐ржпрж╝рзЗ ржкрзНрж░ржорж╛ржи ржХрж░рзЗ ржпрзЗ рждрж╛рж░ рж╣рж╛ржд ржХрждржжрзБрж░ ржЬрж╛ржпрж╝рзЗржж ржЦрж╛ржи рж╕ржВржЧржаржХ рждрж╛ржУ ржЖржмрж╛рж░ ржмрж┐рж╢рзЗрж╖ ржХрзНрж╖ржорждрж╛ржмрж▓рзЗржиржЗрж▓рзЗ ржПржлржбрж┐рж╕рж┐рж░ ржЬржирзНржп рж╢рж┐рж▓рзНржкрзАрж░ ржЬржирзНржп ржПрж░ржХржо рж╕ржВржЧржаржХрзЗрж░ ржХрзЛржи ржкрзНрж░ржпрж╝рзЛржЬржи ржирж╛ржЗ,0
ржкрзБрж▓рж┐рж╢ ржпрзЗ ржорж╛ржорж▓рж╛ ржХрж░рзЗржЫрзЗ ржПржЯрж┐ ржПржХржЯрж┐ ржмрж╛рж▓рзНржпржЦрж┐рж▓рзНржп ржХрж╛ржЬ рж╕рзЗ ржЬржирзНржп рж╢рж┐рж▓рзНржкрзАрж░рж╛ржУ ржпрж╛рж░рж╛ ржЬрж╛рждрзАрж░ ржмрж┐ржмрзЗржХ рж╕рждрждрж╛ ржУ рж╕рж░рж▓рждрж╛ рж╢рж┐рж▓рзНржкрзАржжрзЗрж░ ржкрзЛрж╖рж╛ржХ ржП ржХрзНрж╖рзЗрждрзНрж░рзЗ ржмрзНржпрж╛рждрзНржпржпрж╝ ржШржЯрзЗржЫрзЗ,1
what goes around comes around,1
рж╢рж┐рж▓рзНржкрзА рж╕ржорж┐рждрж┐рж░ ржПржЗ рж╕рж┐ржжрзНржзрж╛ржирзНржд ржирж┐ржирзНржжрж╛ржпрзЛржЧрзНржп l┬а,1
ржХржЗ ржмрзЛржЯ ржХрзНрж▓рж╛ржмрзЗрж░ ржШржЯржирж╛ржпрж╝ ржпржЦржи ржУржЗ ржмрзНржпржмрж╕рж╛ржпрж╝рзАрж░ рж╕ржжрж╕рзНржпржкржж рж╕рзНржержЧрж┐ржд ржХрж░рж╛ рж╣рж▓рзЛ рждржЦржи рждрзЛ ржПржоржи ржкрзНрж░рж╢рзНржи ржЬрж╛ржЧрзЗржирж┐ рж╕рзЗржЯрж╛ржУ рждрзЛ рждржжржирзНрждрж╛ржзрзАржи ржмрж┐рж╖ржпрж╝ ржЫрж┐рж▓ ржЙржирж┐ржУ рждрзЛ ржпржерзЗрж╕рзНржЯ ржнрж╛рж░ржмрж╛рж╣рзА рж▓рзЛржХ ржЫрж┐рж▓рзЗржи ржПржЦржи рж╢рж╛ржорж╕рзБржирзНржирж╛рж╣рж╛рж░ ржПрж░ рж╕ржжрж╕рзНржпржкржж рж╕рзНржержЧрж┐ржд ржирж┐ржпрж╝рзЗ ржпрзЗржнрж╛ржмрзЗ рж░рж┐ржкрзЛрж░рзНржЯ ржХрж░рж╛ рж╣ржЪрзНржЫрзЗ ржоржирзЗ рж╣ржЪрзНржЫрзЗ ржПржЗ рж╕ржжрж╕рзНржпржкржж ржерж╛ржХрж╛ ржирж╛ ржерж╛ржХрж╛рж░ ржмрж┐рж╖ржпрж╝ржЯрж┐ рж╕ржВржмрж╛ржжржкрждрзНрж░ ржУржпрж╝рж╛рж▓рж╛рж░рж╛ржЗ ржирж┐рж░рзНржзрж╛рж░ржи ржХрж░ржмрзЗржи ржЖрж░ ржоржЬрж╛рж░ ржмрж┐рж╖ржпрж╝ рж╣рж▓рзЛ- ржХржорзЗржирзНржЯржЯрж┐ ржХрж╛рж▓ржХрзНрж╖рзЗржкржг ржХрж░рзЗ ржПржкрзНрж░рзБржн ржХрж░рзЗ ржкрзНрж░ржержо ржЖрж▓рзЛ ржжрзБржЗ ржХрзВрж▓ рж░ржХрзНрж╖рж╛ ржХрж░ржмрзЗ,1
ржЖржорж┐ ржЗрж▓рж┐ржпрж╝рж╛рж╕ ржХрж╛ржЮрзНржЪржирзЗрж░ рж╕рж╛ржерзЗ рззрзжрзж% рж╕рж╣ржоржд,1
ржЖржорж╛рж░рждрзЛ ржоржирзЗ рж╣ржпрж╝  ржорж╛ржорж▓рж╛рж░ рж░рж╛ржпрж╝ ржУ рж╢рзЗрж╖ ржкрж░рзНржпрж╛ржпрж╝рзЗ┬а,1
ржЕржкрж░рж╛ржз рж▓ржмрзНржз ржЖржпрж╝ ржЖржЫрзЗ ржХрж┐ржирж╛ ржПржЦржи ржЦрзЛржБржЬ ржЦржмрж░,1
 ржкрж░рзАржоржгрж┐рж░ ржХржерж╛рж░ рж╕рж╛ржерзЗ ржмрж╛ рждрж╛рж░ ржЕржнрж┐ржпрзЛржЧрзЗрж░ рж╕рж╛ржерзЗ ржпрзЗрж╕ржм ржнрж┐ржбрж┐ржУ ржмрзЗрж░ рж╣ржпрж╝рзЗржЫрзЗ рж╕рзЗрж╕ржмрзЗрж░ ржорж┐рж▓ ржЦрзБржБржЬрзЗ ржкрж╛ржУржпрж╝рж╛ ржпрж╛ржпрж╝ ржирж╛ ржЕржжрзНржнрзБржд ржмрзНржпрж╛ржкрж╛рж░ рж╣рж▓рзЛ ржХржпрж╝рзЗржХржжрж┐ржи ржЖржЧрзЗржУ ржжрзЗрж╢рзЗрж░ ржкрзНрж░рж╛ржпрж╝ рж╕ржмрж╛ржЗ ржПржЗ ржирж╛ржпрж╝рж┐ржХрж╛рж░ ржкрж╛рж╢рзЗ ржЫрж┐рж▓ ржПрж░ржкрж░ ржжрзЗрж╢рзЗрж░ ржкрзНрж░рж╛ржпрж╝ рж╕ржмрж╛ржЗ ржПржЗ ржирж╛ржпрж╝рж┐ржХрж╛рж░ ржмрж┐рж░рзБржжрзНржзрзЗ ржПржЦржи ржЖржмрж╛рж░ ржжрзЗрж╢-ржмрж┐ржжрзЗрж╢рзЗрж░ ржмрзБржжрзНржзрж┐ржЬрзАржмрзАржЧржгрж╕рж╣ ржЕржирзЗржХрзЗржЗ ржЖржмрж╛рж░ ржкржХрзНрж╖рзЗ рж╕рж╛ржлрж╛ржЗ ржЧрж╛ржЗржЫрзЗ ржПржмржВ рж╕рзЗржЯрж╛ рж╢рзБржзрзБржорж╛рждрзНрж░ ржкрж░рж┐ржоржгрж┐рж░ ржЬржирзНржпржЗ ржЕржирзНржпржХрзЛржи ржПржХрж┐ржЙржЬржб ржорж╣рж┐рж▓рж╛ржжрзЗрж░ ржЬржирзНржп ржирж╛  ржжрзЗржЦрж╛ ржпрж╛ржХ ржЬрж▓ ржХрзЛржи ржжрж┐ржХрзЗ ржЧржбрж╝рж╛ржпрж╝  ржХрж┐ржЫрзБржжрж┐ржи ржЖржЧрзЗ ржХрзНрж░рж┐ржХрзЗржЯрж╛рж░ ржирж╛рж╕рж┐рж░ ржУ рждрж╛рж░ рж╕рзНрждрзНрж░рзА рждрж╛ржорж┐ржорж╛ржХрзЗ ржирж┐ржпрж╝рзЗ ржЕржирзЗржХ ржЬрзНржмрж▓ ржШрзЛрж▓рж╛ рж╣рж▓рзЛ ржЕржирзЗржХржХрж┐ржЫрзБржЗ ржорж╛ржирзБрж╖ ржжрзЗржЦрж▓рзЛ ржЕржержЪ ржПржЦржи ржЖрж░ ржП ржмрзНржпрж╛ржкрж╛рж░рзЗ ржХрзЛржи ржЦржмрж░ржЗ ржкрж╛ржУржпрж╝рж╛ ржпрж╛ржЪрзНржЫрзЗ ржирж╛  ржПржХржЬржи рж╕рзЗрж▓рж┐ржмрзНрж░рзЗржЯрж┐ ржпрж╛ржХрзЗ ржЖржЗржХржи ржмрж╛ ржЕржирзБржХрж░ржирзАржпрж╝ рж╣рж┐рж╕рзЗржмрзЗ ржирж┐ржЗ рждрж╛рж░ ржирзИрждрж┐ржХ рж╕рзНржЦрж▓ржи ржорж╛ржирждрзЗ ржПржХржЯрзБ ржХрж╖рзНржЯ рж╣ржпрж╝ ржмрзИ ржХрж┐  рж╕ржмрж╛ржЗ рж╕рзБржмрж┐ржЪрж╛рж░ ржкрж╛ржХ ржПржЯрж╛ржЗ ржкрзНрж░рждрзНржпрж╛рж╢рж╛,1
ржЖрж▓рзЗржо ржУрж▓рж╛ржорж╛ржжрзЗрж░ ржорж╛ржорж▓рж╛ ржХрж┐ рж╣ржмрзЗ ржЙржирж╛рж░рж╛ ржХрж┐ рж╕рж╛рж░рж╛ ржЬрзАржмржи ржЬрзЗрж▓рзЗ ржерж╛ржХржмрзЗ рж╣рзЗ ржЖрж▓рзНрж▓рж╛рж╣ ржЙржирж╛ржжрзЗрж░ ржХрзЗ ржорзБржХрзНрждрж┐ ржжрж╛ржи ржХрж░,1
Right,1
ржХрж┐ ржЖрж░ ржмрж▓ржм ржХрж╛ржХрзЗ ржмрж▓ржм ржЕржнрж┐ржпрзЛржЧ ржпрзЗржЦрж╛ржирзЗ рж░рж╛рж╖рзНржЯрзНрж░рзЗрж░ рж╕рж░рзНржмрзЛржЪрзНржЪ ржкрзНрж░рждрж┐рж╖рзНржарж╛ржирзЗрж░ ржжрж┐ржХрзЗ рждржЦржи рждрзЛ ржмрж▓рж╛рж░ ржХрзЗржЙ ржерж╛ржХрзЗ ржирж╛,1
ржирж╛рж╕рж┐рж░ржЙржжрзНржжрж┐ржирзЗрж░ ржорж╛ржорж▓рж╛рж░ рждржжржирзНржд ржХрж┐ рж╢рзЗрж╖рзЗрж░ ржжрж┐ржХрзЗ ржЖрж░ ржкрж░рж┐ржоржирж┐ ржХрж┐ржирзНрждрзБ ржкрзГржерж┐ржмрзАрж░ ржлрзЛржмрзЛрж░рзНрж╕ ржПрж░ рззрзжрзж ржЬржи ржорж╣рж┐рж▓рж╛рж░ рждрж╛рж▓рж┐ржХрж╛ржпрж╝ рж╕рзЗ ржПржХржЬржи,1
ржмрж╛тАМржбрж╝рж┐ ржШрзЗржбрж╝рж╛ржУ ржжрж┐тАМржпрж╝рзЗтАМ ржкрж╛ржУржпрж╝рж╛ ржЧрзЗрж▓ ржХтАМржпрж╝рзЗржХ ржмрзЛрждрж▓ ржоржж рж╕рж┐тАМржирзЗржорж╛рж░ ржирж╛тАМржпрж╝рж┐ржХрж╛рж░ ржмрж╛рж╕рж╛ржпрж╝ ржоржж ржерж╛ржХтАМржмрзЗ ржирж╛ ржд ржХрж┐ ржзрж░рзНржоржЧрзНрж░ржирзНрже ржерж╛ржХтАМржмрзЗ  ржПржЦржи рзйржжржлрж╛ рж░рж┐ржорж╛тАМржирзНржбрзЗ ржирж┐тАМржпрж╝рзЗтАМ ржХрж┐ рждржетАМтАМрзНржп ржкрж╛ржУржпрж╝рж╛ ржЧрзЗрж▓рж╕рзЗржЯрж╛ржЗ ржжрзЗржЦрж╛рж░ ржмрж┐рж╖ржпрж╝,0
рж╣рзЗрж░рж┐ржпрж╝рж╛рж░ ржЧрж╛ржбрж╝рж┐ ржЪрж╛рж▓рж╛ржирзЛ ржмрж╛рж░рж┐ржзрж╛рж░рж╛рж░ ржмрж┐рж▓рж╛рж╕ржмрж╣рзБрж▓ ржлрзНрж▓рзНржпрж╛ржЯрзЗ ржерж╛ржХрж╛ ржЧрзЗржБржпрж╝рзЛ ржорж╣рж┐рж▓рж╛ржжрзЗрж░ ржЬрзАржмржиржпрж╛рждрзНрж░рж╛ ржХрзЗржоржи рж╣ржпрж╝ ржмрж┐ржЪрж╛рж░рзЗрж░ ржкрж░рзЗ ржХржпрж╝рзЗржХ ржмржЫрж░ ржЬрзЗрж▓ ржЦрзЗржЯрзЗ ржмрзЗрж░ рж╣ржмрж╛рж░ ржкрж░ рж╕рзЗржЯрж╛ ржжрзЗржЦрж╛рж░ ржЕржкрзЗржХрзНрж╖рж╛ржпрж╝ рж░ржЗрж▓рж╛ржо,0
ржкрзБрж▓рж┐рж╢ ржЗржпрж╝рж╛ржмрж╛ ржУ ржорж╛ржжржХ рж░рзЗржЦрзЗ ржорж┐ржерзНржпрж╛ ржорж╛ржорж▓рж╛ ржХрж░рзЗ ржПржоржиржЯрж┐ ржЦрзБржмржЗ ржХржоржи ржкрж░рзАржоржирж┐рж░ ржмрж┐рж░рзБржжрзНржзрзЗ ржорж╛ржжржХ ржорж╛ржорж▓рж╛ ржжрзЗржУржпрж╝рж╛рж░ ржЖржЧрзЗ ржкрзБрж▓рж┐рж╢рзЗрж░ ржнрж╛ржмржорзВрж░рзНрждрж┐ ржЙржжрзНржзрж╛рж░ ржХрж░рждрзЗ рж╣ржмрзЗ,0
She is a orphan and if innocent need a justice,0
ржнржпрж╝ржВржХрж░ ржорж╛ржлрж┐ржпрж╝рж╛рж░┬аржЙржерж╛ржирзЗ┬аржПржЦржи ржорж╛ржлрж┐ржпрж╝рж╛рж░┬аржЖржзрж┐ржкрждрзНржп┬аржЪрж▓ржЫрзЗ рж╢рж╛рж╕ржи ржХрзНрж╖ржорждрж╛ржпрж╝┬арж░рж╛ржЬржирзИрждрж┐ржХ ржХрзНрж╖ржорждрж╛ржпрж╝ рж╕рж╛ржорж╛ржЬрж┐ржХ ржХрзНрж╖ржорждрж╛ржпрж╝  ржкрж░рж┐ржоржгрж┐ рждрж╛рж░ рж╢рж┐ржХрж╛рж░  ржорж╛ржлрж┐ржпрж╝рж╛рж░рж╛ ржпржЦржи ржЖржЗржи ржЖрж╛ржж:рж╛рж▓ржд рж╕рж░ржХрж╛рж░ ржирж┐ржпрж╝ржирзНрждрзНрж░ржи ржХрж░рзЗ рждржЦржи ржЖржЗржирзЗрж░ рж╕ржм ржзрж╛рж░рж╛┬аvoid┬арж╣ржпрж╝рзЗ ржпрж╛ржпрж╝┬а┬а┬арж╕ржм ржХрж┐ржЫрзБ┬а┬аржЪрж▓рзЗ ржорж╛ржлрж┐ржпрж╝рж╛рж░ ржЗржЪрзНржЫрж╛┬аржзрж╛рж░рж╛ржпрж╝ @ ржЦрж╛рж▓рзЗржж:рж╛рж░ ржЬрж╛ржорж┐ржирзЗрж░ ржмрзНржпрж╛ржкрж╛рж░рзЗ┬а┬аржмрзНржпрж╛ржХрзНрждрж┐рж░ ржЗржЪрзНржЫрж╛рж░ ржХрж╛ржЫрзЗ┬аржЦрж╛рж▓рзЗржж:рж╛рж░ ржЬрж╛ржорж┐ржи ржкрж╛ржУржпрж╝рж╛рж░┬арж╕ржм┬аржЕржзрж┐ржХрж╛рж░ ржмрж╛рждрж┐рж▓ рж╣ржпрж╝рзЗ ржпрж╛ржпрж╝┬арждрзЗржоржирж┐ ржкрж░рж┐ржоржгрж┐рж░ ржЬрж╛ржорж┐ржирзЗрж░ ржмрзНржпрж╛ржкрж╛рж░рзЗржУ ржорж╛ржлрж┐ржпрж╝рж╛рж░ ржЗржЪрзНржЫрж╛рж░ ржХрж╛ржЫрзЗ┬аржкрж░рж┐ржоржгрж┐рж░┬аржЬрж╛ржорж┐ржи ржкрж╛ржУржпрж╝рж╛рж░┬арж╕ржм┬аржЕржзрж┐ржХрж╛рж░ ржмрж╛рждрж┐рж▓ рж╣ржпрж╝рзЗ ржпрж╛ржпрж╝┬а  @ Injustice anywhere is a threat to justice everywhere - Rev Martin Luther King Jr,0
рж╕рж╛ржЬрж╛ржирзЛ ржПржХржЯрж╛ ржирж╛ржЯржХ,0
рж╕рж░ржХрж╛рж░рзЗрж░ ржХрж╛ржЫрзЗ ржЕржирзБрж░рзЛржз ржЬрж╛ржирж╛ржмрзЛ ржкрж░рж┐ржоржирж┐ржХрзЗ ржжрзГрж╖рзНржЯрж╛ржирзНржд ржорзВрж▓ржХ рж╢рж╛рж╕рзНрждрж┐ ржжрзЗржУржпрж╝рж╛ рж╣рзЛржХ ржпрж╛рждрзЗ ржХрж░рзЗ ржнржмрж┐рж╖рзНржпрждрзЗ  ржЖрж░ ржХрзЗржЙ ржПржЗ ржзрж░ржирзЗрж░ ржЕржкрж░рж╛ржз ржорзВрж▓ржХ ржХрж╛ржЬ ржХрж░рж╛рж░ рж╕рж╛рж╣рж╕ ржХрзЗржЙ ржирж╛ ржкрж╛ржЗ,1
Where were you when Mr Nasir Mahmud was being harrased,1
ржкрж░рж┐ржоржирж┐ ржирж┐рж╢рзНржЪржпрж╝ржЗ ржжрзБржзрзЗ ржзрзЛржБржпрж╝рж╛ рждрзБрж▓рж╕рзА ржкрж╛рждрж╛ ржиржпрж╝,0
ржЙржирж╛рж░ рж╕рж╛ржерзЗ ржПржХржоржд рж╕рж░ржХрж╛рж░ рждрж╛ржжрзЗрж░ ржирж┐ржЬрзЗржжрзЗрж░ ржжрзБрж░рзНржирзАрждрж┐ ржврж╛ржХрждрзЗржЗ ржкрж░рзАржоржирж┐ ржирж╛ржЯржХрзЗрж░ ржЙрждрзНржерж╛ржи ржШржЯрж┐ржпрж╝рзЗржЫрзЗ ржпржжрж┐ржУ рж╢рзЗрж╖ ржкрж░рзНржпржирзНржд рждрж╛рж░рж╛ ржирж╛ржЯржХ рж╕ржорзНржкржирзНржи ржХрж░рждрзЗ ржкрж╛рж░рзЗржирж┐ ржХрж╛рж░ржг ржПрждрзЗ ржирж┐ржЬрзЗржжрзЗрж░ржЗ ржерж▓рзЗрж░ ржмрж┐ржбрж╝рж╛рж▓ ржмрзЗрж░рж┐ржпрж╝рзЗ ржЖрж╕рждрзЗ ржЫрж┐рж▓,0
ржзрж╛рж░рзНржорж┐ржХ ржирж╛ржирж╛рж░ ржХрж╛ржЫрзЗ ржкрзНрж░рж╢рзНржи рждрж╛рж░ ржирж╛рждржирзА ржпрзЗ ржкржерзЗ рж╣рж╛ржЯржЫрзЗ рж╕рзЗ ржкржерзЗ рж╣рж╛ржЯрж╛ ржХрж┐ ржЙржЪрж┐рзО,1
Mir jafor ki balon def paibo,0
Porimoni oboshshoi oporadhitar bivrantikor achoron er karon holo drugsdrugs er withdrawl affect e shobai erokom achoron kore thakeakjon doctor hishabe bolchishe also needs treatment for drug addiction in a rehabilitation centre,0
ржмржбрж╝ ржЕржжрзНржнрзБржд ржПржХржЯрж╛ ржжрзЗрзНрж╢ ржЖржорж╛рж░,0
рж╢рж╛ржорж╕рзБрж▓ рж╣ржХ ржЧрж╛ржЬрзА ржХрж┐ ржЬрж╛ржирзЗржи ржмрж╛ ржЬрж╛ржирждрзЗ ржЪрзЗржпрж╝рзЗржЫрзЗржи  ржкрж░рзАржоржирж┐ ржХржд ржорж╛ржирзБрж╖ржХрзЗ рж╣ржпрж╝рж░рж╛ржирж┐ ржХрж░ржЫрзЗ,0
ржирж╛ржирж╛ ржарж┐ржХ ржХржерж╛ржЗ ржмрж▓рзЗржЫрзЗржи,1
рж▓ржорзНржкржЯ ржмрзНржпржмрж╕рж╛ржпрж╝рзАржжрзЗрж░ ржмрж┐рж░рзБржжрзНржзрзЗ ржорж╛ржорж▓рж╛рж░ ржЦрзЗрж╕рж╛рж░ржд ржкрзНрж░рждрж┐рж╣рж┐ржВрж╕рж╛рж░ ржЬржирзНржп ржкрж░рзАржоржирж┐рж░ ржкрзНрж░рждрж┐ ржПржЗ ржЕржирзНржпрж╛ржпрж╝  рж░рж╛рж╖рзНржЯрзНрж░ ржкрзБрж▓рж┐рж╢ рж░тАМрзНржпрж╛ржмрзЗрж░ ржПржЗ ржЕржирзНржпрж╛ржпрж╝ ржорзЗржирзЗ ржирзЗржУржпрж╝рж╛ ржпрж╛ржпрж╝ ржирж╛ ржорж╛ржжржХ рж░рзЗржЦрзЗ ржкрзБрж▓рж┐рж╢ рж░тАМрзНржпрж╛ржм ржорж╛ржирзБрж╖ржХрзЗ ржирж┐рж░рзНржпрж╛рждржи ржХрж░рзЗ ржмрж╛ржВрж▓рж╛ржжрзЗрж╢рзЗрж░ рж╕ржХрж▓рзЗ ржЬрж╛ржирзЗ ржЖржЬ рж░рж╛рж╖рзНржЯрзНрж░ ржпрж╛ ржХрж░ржЫрзЗ ржкрж░рзАржоржирж┐рж░ ржкрзНрж░рждрж┐ ржХрж╛рж▓ ржЖржорж╛рж░ ржкрзНрж░рждрж┐ ржХрж░ржмрзЗ,1
ржХрж┐ржЫрзБржжрж┐ржи ржкрзВрж░рзНржмрзЗ ржкрж░рзАржоржирж┐ржУ ржПржХржЬржи ржмрзНржпржмрж╕рж╛ржпрж╝рзАржХрзЗ ржЕржпржерж╛ рж╣ржпрж╝рж░рж╛ржирж┐ ржХрж░рзЗржЫрзЗ,1
ржирж╛рждржирж┐ржХрзЗ ржЫрзЛржЯржмрзЗрж▓рж╛ ржерзЗржХрзЗ ржпржжрж┐ ржжрзНржмрзАржи рж╢рж┐ржХрзНрж╖рж╛ ржжрж┐ржпрж╝рзЗ ржмржбрж╝ ржХрж░рждрзЗржи рждржмрзЗ ржЖржЬ ржХрзЛрж░рзНржЯрзЗрж░ ржмрж╛рж░рж╛ржирзНржжрж╛ржпрж╝ ржПрж╕рзЗ ржХрж╖рзНржЯ ржХрж░рж╛ рж▓рж╛ржЧржд ржирж╛ ржЖрж▓рзНрж▓рж╛рж╣рждрж╛ржпрж╝рж╛рж▓рж╛ ржЖржорж╛ржжрзЗрж░ рж╕ржмрж╛ржЗржХрзЗ рж╣рзЗржжрж╛ржпрж╝рзЗржд ржжрж╛ржи ржХрж░рзБржи ржЖржорж┐ржи,1
ржпрж╛рж░рж╛ ржкрж░рж┐ржоржирж┐рж░ ржкржХрзНрж╖рзЗ ржХржерж╛ ржмрж▓ржЫрзЗржи рждрж╛рж░рж╛ ржЖрж╕рж▓рзЗ ржкрж░рж┐ржоржирж┐ржХрзЗ ржирж╛ ржорж╛ржжржХржХрзЗ ржЖрж░ ржоржжржХрзЗ ржмрзИржзрждрж╛ ржжрж┐ржЪрзНржЫрзЗржи ржкрж░рж┐ржоржирж┐рж░ ржХрзЗрж╕ржЯрж╛рж░ ржмрзНржпрж╛ржкрж╛рж░рзЗ ржкрзБрж░рзБрж╖рждржирзНрждрзНрж░ ржирж╛рж░рзАржмрж╛ржж- ржПрж╕ржм рждрзНржпрж╛ржирж╛ ржкрзЗржЪрж┐ржпрж╝рзЗ ржнрзБрж▓рж┐ржпрж╝рзЗ ржжрзЗржпрж╝рж╛ рж╣ржЪрзНржЫрзЗ ржпрзЗ ржоржж ржПржЗ рж╕ржорж╛ржЬрзЗ ржЧрзНрж░рж╣ржиржпрзЛржЧрзНржп ржирж╛ рж╕ржмрж╛ржЗ рж▓рзБржХрж┐ржпрж╝рзЗ ржоржж ржЦрж╛ржпрж╝ рждрж╛ржЗ ржкрзНрж░ржХрж╛рж╢рзНржпрзЗ ржоржж ржкрж╛ржУржпрж╝рж╛ ржЧрзЗрж▓рзЗ рждрж╛рж░ржкрж░ржУ ржмрж┐ржЪрж╛рж░ рж╣ржмрзЗ ржирж╛ рждрж╛рж╣рж▓рзЗ ржЬржЩрзНржЧрж┐ржжрзЗрж░ ржЖржЯржХрзЗ рж░рж╛ржЦрж╛рж░ ржжрж░ржХрж╛рж░ ржХрж┐ ржЕрж╕рзНрждрзНрж░ ржкрж╛ржУржпрж╝рж╛ ржЧрзЗрж▓рзЗ ржЕрж╕рзНрждрзНрж░ рждрзЛ ржЫрж╛рждрзНрж░рж▓рж┐ржЧ ржПрж░ ржкрзБрж▓рж╛ржкрж╛ржирзЗрж░ ржкржХрзЗржЯрзЗржУ ржерж╛ржХрзЗ,0
ржПржЗ ржШржЯржирж╛ржЯрж┐ ржмрзБржЭрждрзЗ ржХрж╛рж░рзЛ ржмрж╛ржХрж┐ ржирж╛ржЗ ржХрж┐ржЫрзБ ржмрзНржпржмрж╕рж╛ржпрж╝рзА ржкрзНрж░рждрж┐рж╣рж┐ржВрж╕рж╛рж░ ржмрж╕ржмрж░рзНрждрзА рж╣ржпрж╝рзЗ ржкрж░рзАржоржирж┐ржХрзЗ ржкрж┐рж╖рзЗ ржорж╛рж░рж╛рж░ ржЬржирзНржп ржПржЯрж╛ ржХрж░ржЫрзЗ ржХрж┐ржирзНрждрзБ рждрж╛рж░рж╛ рж░рж╛рж╖рзНржЯрзНрж░ рж░тАМрзНржпрж╛ржм ржкрзБрж▓рж┐рж╢ ржмрж┐ржЪрж╛рж░ ржмрж┐ржнрж╛ржЧржХрзЗ ржПржЗ ржХрж╛ржЬрзЗ ржмрзНржпрж╛ржмрж╣рж╛рж░ ржХрж░рждрзЗ рж╕ржХрзНрж╖ржо ржПржЯрж╛ ржжрзЗржЦрзЗ ржжрзЗрж╢рзЗрж░ ржорж╛ржирзБрж╖ ржЖрждржЩрзНржХрж┐ржд  ржПржЯрж┐ ржирж╛ржЧрж░рж┐ржХ ржЕржзрж┐ржХрж╛рж░ ржирж┐рж╖рзНржкрзЗрж╖ржирзЗрж░ ржкрзНрж░рж╢рзНржи ржмрж╛ржВрж▓рж╛ржжрзЗрж╢рзЗрж░ ржорзБржХрзНрждрж┐ржпрзБржжрзНржзрзЗрж░ ржЕрж░рзНржЬржиржХрзЗ ржорж╛ржЯрж┐рждрзЗ ржорж┐рж╢рж┐ржпрж╝рзЗ ржжрж┐ржЪрзНржЫрзЗ,1